Date,Open,Log_Diff
2017-01-02,998.6170043945312,0.0356348455011543
2017-01-03,1021.5999755859376,0.0227539546648722
2017-01-04,1044.4000244140625,0.0220725793806737
2017-01-05,1156.72998046875,0.1021544607310032
2017-01-06,1014.239990234375,-0.1314574880247967
2017-01-07,903.4869995117188,-0.115633112008223
2017-01-08,908.1749877929688,0.0051753569681451
2017-01-09,913.2440185546876,0.0055660381613718
2017-01-10,902.4400024414062,-0.0119009073207454
2017-01-11,908.114990234375,0.0062688031023654
2017-01-12,775.177978515625,-0.1582783591247833
2017-01-13,803.7369995117188,0.0361794479445256
2017-01-14,825.1420288085938,0.0262834270191456
2017-01-15,818.1420288085938,-0.0085195767678678
2017-01-16,821.7830200195312,0.0044404434167919
2017-01-17,830.9459838867188,0.0110883971050137
2017-01-18,909.3729858398438,0.0901905440703032
2017-01-19,888.3350219726562,-0.0234063866360507
2017-01-20,898.1719970703125,0.011012634610541
2017-01-21,895.5490112304688,-0.0029246328691501
2017-01-22,922.2050170898438,0.0293306095280776
2017-01-23,925.4990234375,0.0035655167333139
2017-01-24,910.677001953125,-0.0161447957386906
2017-01-25,891.9240112304688,-0.0208073413537324
2017-01-26,902.39501953125,0.0116714218444018
2017-01-27,918.3590087890624,0.0175360296899418
2017-01-28,919.8109741210938,0.0015797947387987
2017-01-29,922.0670166015624,0.0024497210130816
2017-01-30,920.1510009765624,-0.0020801189626675
2017-01-31,920.958984375,0.0008777133976103
2017-02-01,970.9409790039062,0.0528501812509674
2017-02-02,990.0009765625,0.0194402468350896
2017-02-03,1011.4600219726562,0.0214442027647958
2017-02-04,1031.3299560546875,0.0194543354675786
2017-02-05,1043.52001953125,0.0117504435303619
2017-02-06,1028.4000244140625,-0.0145954121860683
2017-02-07,1040.1400146484375,0.0113511134117514
2017-02-08,1062.3199462890625,0.021099811578698
2017-02-09,1064.699951171875,0.0022378783376018
2017-02-10,995.6320190429688,-0.0670705719339528
2017-02-11,988.8980102539062,-0.0067865283319461
2017-02-12,1003.52001953125,0.0146779155509371
2017-02-13,998.885009765625,-0.0046294510609632
2017-02-14,991.7349853515624,-0.0071837469535989
2017-02-15,1006.2100219726562,0.0144901784967999
2017-02-16,1007.6500244140624,0.0014300921152985
2017-02-17,1026.1199951171875,0.0181637828551339
2017-02-18,1049.2099609375,0.0222527685908531
2017-02-19,1054.760009765625,0.0052757993495786
2017-02-20,1048.68994140625,-0.0057715518316872
2017-02-21,1079.280029296875,0.028752468969305
2017-02-22,1114.800048828125,0.0323808811322949
2017-02-23,1117.27001953125,0.0022131668233171
2017-02-24,1172.7099609375,0.0484290492201484
2017-02-25,1170.4100341796875,-0.0019631324910749
2017-02-26,1144.27001953125,-0.0225872478124999
2017-02-27,1163.780029296875,0.0169064570178711
2017-02-28,1180.719970703125,0.0144510438953489
2017-03-01,1180.0400390625,-0.0005760277678481
2017-03-02,1224.6800537109375,0.0371312599281381
2017-03-03,1250.7099609375,0.0210317295920532
2017-03-04,1277.4300537109375,0.0211389302889832
2017-03-05,1254.2900390625,-0.0182805825345067
2017-03-06,1267.469970703125,0.0104530578641055
2017-03-07,1273.2099609375,0.0045184754906131
2017-03-08,1223.22998046875,-0.0400463547413094
2017-03-09,1150.3499755859375,-0.0614286625252118
2017-03-10,1189.3599853515625,0.0333491123330427
2017-03-11,1116.3199462890625,-0.0633778219122183
2017-03-12,1176.6199951171875,0.0526084041895895
2017-03-13,1221.780029296875,0.0376629185030932
2017-03-14,1232.1600341796875,0.0084599187612655
2017-03-15,1240.1600341796875,0.0064716765633185
2017-03-16,1251.3299560546875,0.0089665194367505
2017-03-17,1180.1600341796875,-0.0585568990806297
2017-03-18,1099.68994140625,-0.0706217828456541
2017-03-19,976.72998046875,-0.118573309943998
2017-03-20,1037.239990234375,0.060108371213797
2017-03-21,1055.3599853515625,0.0173185971769669
2017-03-22,1120.6500244140625,0.0600269688244052
2017-03-23,1050.050048828125,-0.0650710673093479
2017-03-24,1038.449951171875,-0.0111086587942539
2017-03-25,936.5399780273438,-0.1032922390350927
2017-03-26,974.0150146484376,0.0392345092370076
2017-03-27,972.0549926757812,-0.0020143392868927
2017-03-28,1044.5799560546875,0.0719577479774775
2017-03-29,1046.0799560546875,0.0014349538618869
2017-03-30,1042.2099609375,-0.0037063814903852
2017-03-31,1026.6400146484375,-0.0150520728314109
2017-04-01,1071.7099609375,0.0429641189916107
2017-04-02,1080.6099853515625,0.0082702157333711
2017-04-03,1102.949951171875,0.0204626811103443
2017-04-04,1145.52001953125,0.0378703353760068
2017-04-05,1134.1400146484375,-0.0099840320423103
2017-04-06,1125.81005859375,-0.0073718387648291
2017-04-07,1178.93994140625,0.046112851348063
2017-04-08,1172.6500244140625,-0.0053495142296409
2017-04-09,1176.5699462890625,0.0033372145323973
2017-04-10,1187.300048828125,0.0090784825375447
2017-04-11,1187.4599609375,0.0001346764380061
2017-04-12,1204.81005859375,0.0145053875420719
2017-04-13,1201.02001953125,-0.0031507147842821
2017-04-14,1170.3299560546875,-0.0258854892375266
2017-04-15,1167.300048828125,-0.0025922912667741
2017-04-16,1172.6099853515625,0.0045385895703065
2017-04-17,1183.25,0.0090328687274627
2017-04-18,1193.77001953125,0.0088514931559213
2017-04-19,1212.1300048828125,0.0152627636893249
2017-04-20,1211.0799560546875,-0.0008666594399793
2017-04-21,1229.4200439453125,0.0150300619919709
2017-04-22,1222.7099609375,-0.0054728743932885
2017-04-23,1231.9200439453125,0.0075042888020631
2017-04-24,1209.6300048828125,-0.0182594318507369
2017-04-25,1250.449951171875,0.0331889157218183
2017-04-26,1265.989990234375,0.0123509696014947
2017-04-27,1281.8800048828125,0.0124733370995189
2017-04-28,1317.739990234375,0.0275903864383204
2017-04-29,1317.8399658203125,7.586609979792769e-05
2017-04-30,1321.8699951171875,0.0030533903251281
2017-05-01,1348.300048828125,0.0197971788269022
2017-05-02,1421.030029296875,0.052537405529315
2017-05-03,1453.780029296875,0.0227850996736957
2017-05-04,1490.719970703125,0.025092123991655
2017-05-05,1540.8699951171875,0.0330879837387243
2017-05-06,1556.81005859375,0.0102917046928476
2017-05-07,1579.469970703125,0.0144504356800378
2017-05-08,1596.9200439453125,0.0109874723920624
2017-05-09,1723.8900146484375,0.0765065720279611
2017-05-10,1756.52001953125,0.0187512164589653
2017-05-11,1780.3699951171875,0.0134866150712378
2017-05-12,1845.760009765625,0.036069916956146
2017-05-13,1723.1199951171875,-0.0687545238318669
2017-05-14,1800.8599853515625,0.0441277221930427
2017-05-15,1808.43994140625,0.0042002423474487
2017-05-16,1741.699951171875,-0.0376029430728985
2017-05-17,1726.72998046875,-0.0086321845646875
2017-05-18,1818.699951171875,0.051892498146854
2017-05-19,1897.3699951171875,0.0423467808652215
2017-05-20,1984.239990234375,0.0447672501987757
2017-05-21,2067.030029296875,0.0408768441888067
2017-05-22,2043.18994140625,-0.0116005252327209
2017-05-23,2191.56005859375,0.0701013624228048
2017-05-24,2321.3701171875,0.057543933369037
2017-05-25,2446.239990234375,0.0523945687231277
2017-05-26,2320.889892578125,-0.0526014613185781
2017-05-27,2196.27001953125,-0.0551902107174502
2017-05-28,2054.080078125,-0.0669323786267073
2017-05-29,2159.429931640625,0.0500161691508376
2017-05-30,2255.360107421875,0.0434653867489309
2017-05-31,2187.18994140625,-0.0306920649431141
2017-06-01,2288.330078125,0.0452047398951531
2017-06-02,2404.030029296875,0.0493241799558532
2017-06-03,2493.719970703125,0.0366290517772291
2017-06-04,2547.7900390625,0.021450772302674
2017-06-05,2512.39990234375,-0.0139878993345172
2017-06-06,2690.840087890625,0.0686150124608557
2017-06-07,2869.3798828125,0.0642424925296403
2017-06-08,2720.489990234375,-0.0532839301663381
2017-06-09,2807.43994140625,0.0314610076518659
2017-06-10,2828.139892578125,0.0073461985718612
2017-06-11,2942.409912109375,0.0396097298017803
2017-06-12,2953.219970703125,0.0036671469963556
2017-06-13,2680.909912109375,-0.0967398342315242
2017-06-14,2716.8798828125,0.013327863632897
2017-06-15,2499.580078125,-0.0833613709599507
2017-06-16,2469.570068359375,-0.0120786749193468
2017-06-17,2514.010009765625,0.0178350176728896
2017-06-18,2655.35009765625,0.0546974177553156
2017-06-19,2549.030029296875,-0.0408636033853175
2017-06-20,2591.260009765625,0.0164313415310592
2017-06-21,2709.429931640625,0.0445940077647959
2017-06-22,2691.030029296875,-0.0068142245937128
2017-06-23,2707.340087890625,0.0060426046629586
2017-06-24,2738.52001953125,0.0114510001107621
2017-06-25,2607.25,-0.0491216095960433
2017-06-26,2590.570068359375,-0.0064180709133276
2017-06-27,2478.449951171875,-0.0442446100239584
2017-06-28,2553.030029296875,0.0296475554650577
2017-06-29,2567.56005859375,0.0056751538573855
2017-06-30,2539.239990234375,-0.0110912345912286
2017-07-01,2492.60009765625,-0.0185384382245068
2017-07-02,2436.39990234375,-0.0228048816906065
2017-07-03,2498.56005859375,0.025193089475433
2017-07-04,2561.0,0.0246832178439548
2017-07-05,2602.8701171875,0.0162169201961104
2017-07-06,2608.10009765625,0.0020072969175393
2017-07-07,2608.590087890625,0.0001878548345359
2017-07-08,2520.27001953125,-0.0344438327748202
2017-07-09,2572.610107421875,0.0205549431382481
2017-07-10,2525.25,-0.0185809218018455
2017-07-11,2385.889892578125,-0.0567678924011945
2017-07-12,2332.77001953125,-0.022515764286199
2017-07-13,2402.699951171875,0.0295366736536566
2017-07-14,2360.590087890625,-0.0176814596682124
2017-07-15,2230.1201171875,-0.0568561767941631
2017-07-16,1991.97998046875,-0.112926339084626
2017-07-17,1932.6199951171875,-0.030252516390445
2017-07-18,2233.52001953125,0.1447022323142066
2017-07-19,2323.080078125,0.0393150999814633
2017-07-20,2269.889892578125,-0.0231626002069518
2017-07-21,2838.409912109375,0.2235126804290983
2017-07-22,2668.6298828125,-0.0616788170741191
2017-07-23,2808.10009765625,0.0509429446420233
2017-07-24,2732.699951171875,-0.0272180192730457
2017-07-25,2757.5,0.0090343585768728
2017-07-26,2577.77001953125,-0.0673997804786061
2017-07-27,2538.7099609375,-0.0152686290506602
2017-07-28,2679.72998046875,0.0540599732740938
2017-07-29,2807.02001953125,0.0464073934665476
2017-07-30,2724.389892578125,-0.0298789189412662
2017-07-31,2763.239990234375,0.0141593903256405
2017-08-01,2871.300048828125,0.0383610051521445
2017-08-02,2727.1298828125,-0.0515151747033995
2017-08-03,2709.56005859375,-0.0064634494792761
2017-08-04,2806.929931640625,0.0353050533484102
2017-08-05,2897.6298828125,0.0318017859876453
2017-08-06,3257.610107421875,0.1171007096027727
2017-08-07,3212.780029296875,-0.0138572155744718
2017-08-08,3370.219970703125,0.0478414003646463
2017-08-09,3420.39990234375,0.0147794593088015
2017-08-10,3341.840087890625,-0.02323589494498
2017-08-11,3373.820068359375,0.0095240740183246
2017-08-12,3650.6298828125,0.0788540695174742
2017-08-13,3880.0400390625,0.0609457495885799
2017-08-14,4066.10009765625,0.0468388601887284
2017-08-15,4326.990234375,0.0621878712192085
2017-08-16,4200.33984375,-0.029706767141441
2017-08-17,4384.43994140625,0.0428964590145319
2017-08-18,4324.33984375,-0.0138024047586196
2017-08-19,4137.75,-0.0441073296118386
2017-08-20,4189.31005859375,0.0123838947168515
2017-08-21,4090.47998046875,-0.0238737387483336
2017-08-22,3998.35009765625,-0.0227805173645307
2017-08-23,4089.010009765625,0.0224210889109954
2017-08-24,4137.60009765625,0.0118130438440555
2017-08-25,4332.81982421875,0.0461026264705832
2017-08-26,4372.06005859375,0.0090157476501016
2017-08-27,4345.10009765625,-0.0061855114309672
2017-08-28,4384.4501953125,0.009015439022745
2017-08-29,4389.2099609375,0.0010850126417452
2017-08-30,4570.35986328125,0.0404426989546458
2017-08-31,4555.58984375,-0.0032369304898107
2017-09-01,4701.759765625,0.031581840840495
2017-09-02,4901.419921875,0.0415880862558744
2017-09-03,4585.27001953125,-0.0666759472015741
2017-09-04,4591.6298828125,0.0013860594246697
2017-09-05,4228.2900390625,-0.0824373900918615
2017-09-06,4376.58984375,0.0344721814113313
2017-09-07,4589.14013671875,0.0474228258195079
2017-09-08,4605.16015625,0.0034847754005387
2017-09-09,4229.81005859375,-0.0850203592313096
2017-09-10,4229.33984375,-0.0001111730728649
2017-09-11,4122.47021484375,-0.0255933651686248
2017-09-12,4168.8798828125,0.0111948360905262
2017-09-13,4131.97998046875,-0.0088906802455284
2017-09-14,3875.3701171875,-0.0641155338907424
2017-09-15,3166.300048828125,-0.2020774431752539
2017-09-16,3637.75,0.1388016294764735
2017-09-17,3606.280029296875,-0.0086885804039162
2017-09-18,3591.090087890625,-0.0042209761931726
2017-09-19,4073.7900390625,0.1261179776118766
2017-09-20,3916.360107421875,-0.0394111012597502
2017-09-21,3901.469970703125,-0.0038092807276104
2017-09-22,3628.02001953125,-0.0726663473853737
2017-09-23,3629.919921875,0.0005235376435965
2017-09-24,3796.14990234375,0.0447767815772373
2017-09-25,3681.580078125,-0.0306453404371076
2017-09-26,3928.409912109375,0.0648927124067579
2017-09-27,3892.93994140625,-0.0090701003109732
2017-09-28,4197.1298828125,0.0752362892766722
2017-09-29,4171.6201171875,-0.0060964527879328
2017-09-30,4166.10986328125,-0.0013217637705675
2017-10-01,4341.0498046875,0.0411334954445319
2017-10-02,4395.81005859375,0.0125356184841525
2017-10-03,4408.4599609375,0.0028735854353385
2017-10-04,4319.3701171875,-0.0204158278433457
2017-10-05,4229.8798828125,-0.0209359892618916
2017-10-06,4324.4599609375,0.022113671907725
2017-10-07,4369.35009765625,0.0103270109114284
2017-10-08,4429.669921875,0.0137107925703681
2017-10-09,4614.52001953125,0.0408827865644205
2017-10-10,4776.2099609375,0.0344394786836321
2017-10-11,4789.25,0.0027264861687275
2017-10-12,4829.580078125,0.0083857005750846
2017-10-13,5464.16015625,0.1234509094738989
2017-10-14,5643.52978515625,0.0322992851684134
2017-10-15,5835.9599609375,0.03352905175357
2017-10-16,5687.56982421875,-0.0257557089466171
2017-10-17,5741.580078125,0.0094513863975276
2017-10-18,5603.81982421875,-0.0242859707085045
2017-10-19,5583.740234375,-0.0035896319304313
2017-10-20,5708.10986328125,0.0220291019295384
2017-10-21,5996.7900390625,0.0493363859028388
2017-10-22,6036.66015625,0.0066265721694964
2017-10-23,6006.0,-0.0050919351867513
2017-10-24,5935.52001953125,-0.0118043262087308
2017-10-25,5524.60009765625,-0.071743779082892
2017-10-26,5747.9501953125,0.0396324392111342
2017-10-27,5899.740234375,0.0260650183897261
2017-10-28,5787.81982421875,-0.0191526427807637
2017-10-29,5754.43994140625,-0.0057839585225583
2017-10-30,6114.85009765625,0.0607485343969198
2017-10-31,6132.02001953125,0.0028039708040044
2017-11-01,6440.97021484375,0.0491549574798817
2017-11-02,6777.77001953125,0.0509689589292534
2017-11-03,7087.52978515625,0.0446887293591089
2017-11-04,7164.47998046875,0.0107986093666507
2017-11-05,7404.52001953125,0.0329551462868131
2017-11-06,7403.22021484375,-0.0001755574679549
2017-11-07,7023.10009765625,-0.0527103398119805
2017-11-08,7141.3798828125,0.0167012886673703
2017-11-09,7446.830078125,0.0418824303974432
2017-11-10,7173.72998046875,-0.0373627092027728
2017-11-11,6618.60986328125,-0.0805403823148527
2017-11-12,6295.4501953125,-0.0500581761853915
2017-11-13,5938.25,-0.0584127040984814
2017-11-14,6561.47998046875,0.0998017071163239
2017-11-15,6634.759765625,0.011106275699122
2017-11-16,7323.240234375,0.098730425011162
2017-11-17,7853.56982421875,0.0699152981026198
2017-11-18,7697.2099609375,-0.0201102626400349
2017-11-19,7766.02978515625,0.0089011461677337
2017-11-20,8039.06982421875,0.0345543163627422
2017-11-21,8205.740234375,0.0205205549540696
2017-11-22,8077.9501953125,-0.0156957862971687
2017-11-23,8232.3798828125,0.0189369929034359
2017-11-24,8074.02001953125,-0.0194236426194205
2017-11-25,8241.7099609375,0.0205563399897812
2017-11-26,8789.0400390625,0.0642976532366503
2017-11-27,9352.7197265625,0.0621616856894302
2017-11-28,9823.4296875,0.049103135887643
2017-11-29,10077.400390625,0.0255250148892667
2017-11-30,9906.7900390625,-0.0170749470505278
2017-12-01,10198.599609375,0.029030033090228
2017-12-02,10978.2998046875,0.0736701616794484
2017-12-03,11082.7001953125,0.0094647722215128
2017-12-04,11315.400390625,0.020779312718691
2017-12-05,11685.7001953125,0.0322012244867817
2017-12-06,11923.400390625,0.0201369998534453
2017-12-07,14266.099609375,0.1793831774972805
2017-12-08,17802.900390625,0.2214753211944806
2017-12-09,16523.30078125,-0.0745898340229125
2017-12-10,15168.400390625,-0.0855572110693323
2017-12-11,15427.400390625,0.0169308323551522
2017-12-12,16919.80078125,0.0923394053702892
2017-12-13,17500.0,0.0337163009785097
2017-12-14,16384.599609375,-0.065859035490142
2017-12-15,16601.30078125,0.0131392071694254
2017-12-16,17760.30078125,0.0674846206930546
2017-12-17,19475.80078125,0.0922070360307181
2017-12-18,19106.400390625,-0.0191493314274637
2017-12-19,19118.30078125,0.0006226544953733
2017-12-20,17760.30078125,-0.0736803590986276
2017-12-21,16642.400390625,-0.0650119940680973
2017-12-22,15898.0,-0.0457603640827883
2017-12-23,13948.7001953125,-0.1308069871879578
2017-12-24,14608.2001953125,0.0461967002941339
2017-12-25,13995.900390625,-0.042818570765764
2017-12-26,14036.599609375,0.0029037187083957
2017-12-27,16163.5,0.1410874376006727
2017-12-28,15864.099609375,-0.0186969436455477
2017-12-29,14695.7998046875,-0.0764969447703425
2017-12-30,14681.900390625,-0.0009462561743927
2017-12-31,12897.7001953125,-0.1295664531692999
2018-01-01,14112.2001953125,0.0899906692987659
2018-01-02,13625.0,-0.0351333447902781
2018-01-03,14978.2001953125,0.0946894831461158
2018-01-04,15270.7001953125,0.0193401487937627
2018-01-05,15477.2001953125,0.0134320133782939
2018-01-06,17462.099609375,0.120664809855743
2018-01-07,17527.30078125,0.0037269142435611
2018-01-08,16476.19921875,-0.0618428420148493
2018-01-09,15123.7001953125,-0.0856538052278672
2018-01-10,14588.5,-0.0360295156186314
2018-01-11,14968.2001953125,0.0256944166641694
2018-01-12,13453.900390625,-0.1066589078932427
2018-01-13,13952.400390625,0.0363825086010383
2018-01-14,14370.7998046875,0.0295467920109295
2018-01-15,13767.2998046875,-0.0429021555917241
2018-01-16,13836.099609375,0.0049848894422979
2018-01-17,11431.099609375,-0.1909434133646357
2018-01-18,11198.7998046875,-0.0205310647110525
2018-01-19,11429.7998046875,0.0204173504896338
2018-01-20,11656.2001953125,0.0196142812939079
2018-01-21,12889.2001953125,0.1005515225162962
2018-01-22,11633.099609375,-0.1025353171092771
2018-01-23,10944.5,-0.0610174024827046
2018-01-24,10903.400390625,-0.0037623439434781
2018-01-25,11421.7001953125,0.0464403688678345
2018-01-26,11256.0,-0.0146137520833402
2018-01-27,11174.900390625,-0.0072310929427867
2018-01-28,11475.2998046875,0.0265266555061618
2018-01-29,11755.5,0.024124333803428
2018-01-30,11306.7998046875,-0.0389169188138964
2018-01-31,10108.2001953125,-0.1120573024047342
2018-02-01,10237.2998046875,0.0126908989300442
2018-02-02,9142.2802734375,-0.1131280566692982
2018-02-03,8852.1201171875,-0.0322528456272621
2018-02-04,9175.7001953125,0.0359017150003992
2018-02-05,8270.5400390625,-0.1038588987156501
2018-02-06,7051.75,-0.1594239949071738
2018-02-07,7755.490234375,0.0951251969235276
2018-02-08,7637.85986328125,-0.0152835685652501
2018-02-09,8271.83984375,0.079739515000254
2018-02-10,8720.080078125,0.0527714648200863
2018-02-11,8616.1298828125,-0.0119924068026353
2018-02-12,8141.43017578125,-0.0566701524953874
2018-02-13,8926.7197265625,0.0920831337017187
2018-02-14,8599.919921875,-0.0372961037474066
2018-02-15,9488.3203125,0.0983087096284514
2018-02-16,10135.7001953125,0.0660022629415557
2018-02-17,10207.5,0.007058879835359
2018-02-18,11123.400390625,0.0859282883902814
2018-02-19,10552.599609375,-0.0526787945618156
2018-02-20,11231.7998046875,0.0623767854278138
2018-02-21,11372.2001953125,0.0124227743967146
2018-02-22,10660.400390625,-0.0646358197360985
2018-02-23,9937.0703125,-0.0702637380765818
2018-02-24,10287.7001953125,0.0346767858166146
2018-02-25,9796.419921875,-0.0489320210298327
2018-02-26,9669.4296875,-0.0130476746204841
2018-02-27,10393.900390625,0.0722498029687486
2018-02-28,10687.2001953125,0.0278276487818782
2018-03-01,10385.0,-0.0286843246407553
2018-03-02,10977.400390625,0.0554761921263935
2018-03-03,11101.900390625,0.0112776505722944
2018-03-04,11497.400390625,0.0350046567994812
2018-03-05,11532.400390625,0.0030395423111997
2018-03-06,11500.099609375,-0.0028048021209698
2018-03-07,10803.900390625,-0.0624484808041909
2018-03-08,9951.4404296875,-0.082189908716721
2018-03-09,9414.6904296875,-0.0554460264700402
2018-03-10,9350.58984375,-0.0068318548216481
2018-03-11,8852.7802734375,-0.0547078613297689
2018-03-12,9602.9296875,0.0813366628242775
2018-03-13,9173.0400390625,-0.0457994762984004
2018-03-14,9214.650390625,0.0045258998404023
2018-03-15,8290.759765625,-0.1056530378457196
2018-03-16,8322.91015625,0.003870358675682
2018-03-17,8321.91015625,-0.0001201575003424
2018-03-18,7890.52001953125,-0.053229773198268
2018-03-19,8344.1201171875,0.0558950718592026
2018-03-20,8619.669921875,0.0324896785856285
2018-03-21,8937.48046875,0.0362069308864843
2018-03-22,8939.4404296875,0.0002192727658734
2018-03-23,8736.25,-0.0229919596597252
2018-03-24,8901.9501953125,0.0187893399937593
2018-03-25,8612.8095703125,-0.033019795805826
2018-03-26,8498.4697265625,-0.0133644648777178
2018-03-27,8200.0,-0.0357519608492094
2018-03-28,7836.830078125,-0.0452997284397689
2018-03-29,7979.06982421875,0.0179874154561314
2018-03-30,7171.4501953125,-0.1067139483661261
2018-03-31,6892.47998046875,-0.0396769335472946
2018-04-01,7003.06005859375,0.015916245387082
2018-04-02,6844.85986328125,-0.0228492190882292
2018-04-03,7102.259765625,0.0369150245845286
2018-04-04,7456.41015625,0.0486610758404157
2018-04-05,6848.64990234375,-0.0850225477968535
2018-04-06,6815.9599609375,-0.0047846230659338
2018-04-07,6630.509765625,-0.0275852262658524
2018-04-08,6919.97998046875,0.042731187661241
2018-04-09,7044.31982421875,0.0178087167526168
2018-04-10,6795.43994140625,-0.0359698030027679
2018-04-11,6843.47021484375,0.0070431539523774
2018-04-12,6955.3798828125,0.0162204996544534
2018-04-13,7901.08984375,0.1274852608769094
2018-04-14,7874.669921875,-0.0033494357124244
2018-04-15,7999.330078125,0.0157065287883391
2018-04-16,8337.5703125,0.0414140465504893
2018-04-17,8071.66015625,-0.0324126638792847
2018-04-18,7944.43017578125,-0.0158881043036327
2018-04-19,8159.27001953125,0.0266836302769739
2018-04-20,8286.8798828125,0.0155188205254912
2018-04-21,8848.7900390625,0.0656072038138901
2018-04-22,8925.0595703125,0.0085822712652667
2018-04-23,8794.3896484375,-0.0147490239693812
2018-04-24,8934.33984375,0.0157882833596456
2018-04-25,9701.0302734375,0.0823298320469891
2018-04-26,8867.3203125,-0.0898594497682143
2018-04-27,9290.6298828125,0.0466337089103063
2018-04-28,8939.26953125,-0.0385524748343115
2018-04-29,9346.41015625,0.0445384511352671
2018-04-30,9426.1103515625,0.0084912065109215
2018-05-01,9251.4697265625,-0.0187011073186038
2018-05-02,9104.599609375,-0.0160026908560109
2018-05-03,9233.9697265625,0.0141093081996395
2018-05-04,9695.5,0.0487728147360435
2018-05-05,9700.2802734375,0.0004929189201874
2018-05-06,9845.3095703125,0.0148403767557567
2018-05-07,9645.669921875,-0.0204860541263478
2018-05-08,9380.8701171875,-0.0278365801478361
2018-05-09,9223.73046875,-0.0168929598496951
2018-05-10,9325.9599609375,0.0110223432114722
2018-05-11,9052.9599609375,-0.0297101333602505
2018-05-12,8441.4404296875,-0.0699388106733316
2018-05-13,8515.490234375,0.0087339244197792
2018-05-14,8713.099609375,0.0229407099642759
2018-05-15,8705.1904296875,-0.0009081465761955
2018-05-16,8504.41015625,-0.0233345780222418
2018-05-17,8370.0498046875,-0.0159250359916036
2018-05-18,8091.830078125,-0.0338049145282468
2018-05-19,8255.73046875,0.0200526411585499
2018-05-20,8246.990234375,-0.0010592477870101
2018-05-21,8522.330078125,0.0328414730916772
2018-05-22,8419.8701171875,-0.0120953841763888
2018-05-23,8037.080078125,-0.0465285597585545
2018-05-24,7561.1201171875,-0.0610464999990991
2018-05-25,7592.2998046875,0.0041152072156496
2018-05-26,7486.47998046875,-0.014035825573206
2018-05-27,7362.080078125,-0.0167562123859443
2018-05-28,7371.31005859375,0.0012529338584759
2018-05-29,7129.4599609375,-0.0333599562267554
2018-05-30,7469.72998046875,0.0466233615448086
2018-05-31,7406.14990234375,-0.0085481283497479
2018-06-01,7500.7001953125,0.0126856526108358
2018-06-02,7536.72021484375,0.0047907270582641
2018-06-03,7632.08984375,0.0125746034387042
2018-06-04,7722.52978515625,0.0117802966784985
2018-06-05,7500.89990234375,-0.0291190024114467
2018-06-06,7625.97021484375,0.016536555366402
2018-06-07,7650.81982421875,0.0032532529710884
2018-06-08,7685.14013671875,0.0044758032600213
2018-06-09,7632.52001953125,-0.0068705433652631
2018-06-10,7499.5498046875,-0.0175750758568558
2018-06-11,6799.2900390625,-0.0980247919878092
2018-06-12,6905.81982421875,0.0155463081709736
2018-06-13,6596.8798828125,-0.045767716657318
2018-06-14,6342.75,-0.0392843638765043
2018-06-15,6674.080078125,0.0509189504292741
2018-06-16,6455.4501953125,-0.0333066132529324
2018-06-17,6545.52978515625,0.0138575755813992
2018-06-18,6510.06982421875,-0.0054321592566441
2018-06-19,6742.39013671875,0.0350642999033219
2018-06-20,6770.759765625,0.0041988242254795
2018-06-21,6780.08984375,0.0013770471768648
2018-06-22,6737.8798828125,-0.0062450351606386
2018-06-23,6090.10009765625,-0.1010808000109424
2018-06-24,6164.27978515625,0.0121067886383485
2018-06-25,6171.97021484375,0.0012468020158067
2018-06-26,6253.5498046875,0.0131311626274648
2018-06-27,6084.39990234375,-0.0274211688599237
2018-06-28,6153.16015625,0.0112376939840306
2018-06-29,5898.1298828125,-0.0423304647376667
2018-06-30,6214.22021484375,0.0522049171921441
2018-07-01,6411.68017578125,0.0312811056485831
2018-07-02,6380.3798828125,-0.0048937161475954
2018-07-03,6596.66015625,0.0333358456759835
2018-07-04,6550.8701171875,-0.0069656008775584
2018-07-05,6599.7099609375,0.0074278196111521
2018-07-06,6638.68994140625,0.0058889432872923
2018-07-07,6668.7099609375,0.0045117860252243
2018-07-08,6857.7998046875,0.0279602300470731
2018-07-09,6775.080078125,-0.0121354757684866
2018-07-10,6739.2099609375,-0.0053084847696478
2018-07-11,6330.77001953125,-0.0625208267624177
2018-07-12,6396.77978515625,0.0103728303562462
2018-07-13,6235.02978515625,-0.0256113489589342
2018-07-14,6247.5,0.0019980275163646
2018-07-15,6272.7001953125,0.0040255313732906
2018-07-16,6357.009765625,0.0133511890530826
2018-07-17,6739.64990234375,0.0584498761493321
2018-07-18,7315.31982421875,0.0819627749113571
2018-07-19,7378.2001953125,0.0085589776818508
2018-07-20,7467.39990234375,0.0120171336823293
2018-07-21,7352.72021484375,-0.0154765245649119
2018-07-22,7417.7998046875,0.0088121489152523
2018-07-23,7414.7099609375,-0.0004166312840538
2018-07-24,7716.509765625,0.0398962992645408
2018-07-25,8379.66015625,0.0824452006158313
2018-07-26,8176.85009765625,-0.0245003567062624
2018-07-27,7950.39990234375,-0.0280847732358768
2018-07-28,8169.06005859375,0.0271316247629194
2018-07-29,8205.8203125,0.0044898423471
2018-07-30,8221.58,0.0019187080164932
2018-07-31,8181.2,-0.0049235655873705
2018-08-01,7769.04,-0.0516922344990629
2018-08-02,7634.19,-0.0175097619534785
2018-08-03,7562.14,-0.0094826237512322
2018-08-04,7438.67,-0.0164621494940497
2018-08-05,7031.08,-0.0563517480894226
2018-08-06,7062.94,0.004521074082266
2018-08-07,6958.32,-0.0149233295175861
2018-08-08,6746.85,-0.0308623366043132
2018-08-09,6305.56,-0.0676439454241357
2018-08-10,6571.42,0.0412981592142447
2018-08-11,6185.79,-0.0604752170221267
2018-08-12,6283.65,0.0156962957709865
2018-08-13,6341.36,0.0091422346519767
2018-08-14,6287.66,-0.0085042740677572
2018-08-15,6221.42,-0.0105908059026855
2018-08-16,6294.23,0.0116351641981644
2018-08-17,6340.91,0.0073889505586066
2018-08-18,6583.43,0.0375335948432535
2018-08-19,6422.57,-0.0247375369904556
2018-08-20,6500.51,0.0120622862370396
2018-08-21,6301.07,-0.0311611751161748
2018-08-22,6486.25,0.0289650914538803
2018-08-23,6371.34,-0.0178747431710224
2018-08-24,6551.52,0.0278872752650691
2018-08-25,6719.95,0.0253836302373287
2018-08-26,6754.64,0.0051489621044034
2018-08-27,6710.8,-0.0065115072214823
2018-08-28,6891.08,0.0265096527390973
2018-08-29,7091.71,0.028698674577738
2018-08-30,7043.76,-0.0067843777276888
2018-08-31,6973.97,-0.0099574719510471
2018-09-01,7044.81,0.0101065289528499
2018-09-02,7189.58,0.0203415800571722
2018-09-03,7279.03,0.0123648560106506
2018-09-04,7263.0,-0.0022046449488506
2018-09-05,7361.46,0.0134653160093307
2018-09-06,6755.14,-0.0859545860473662
2018-09-07,6528.92,-0.0340621574815322
2018-09-08,6460.17,-0.0105859058667316
2018-09-09,6223.38,-0.0373424657193712
2018-09-10,6301.57,0.0124856411815894
2018-09-11,6331.88,0.0047983817810575
2018-09-12,6317.01,-0.0023511955357768
2018-09-13,6354.24,0.0058763116713009
2018-09-14,6515.41,0.0250478336762469
2018-09-15,6509.4,-0.0009228542184551
2018-09-16,6536.68,0.0041821052393675
2018-09-17,6514.06,-0.0034664735717644
2018-09-18,6280.91,-0.0364480433008562
2018-09-19,6371.85,0.0143749768400098
2018-09-20,6398.85,0.0042284354388133
2018-09-21,6513.87,0.0178154629193461
2018-09-22,6735.05,0.0333914841005054
2018-09-23,6715.32,-0.0029337503951438
2018-09-24,6704.77,-0.0015722699584461
2018-09-25,6603.64,-0.0151982012308451
2018-09-26,6452.79,-0.0231084167343951
2018-09-27,6495.29,0.0065647034354423
2018-09-28,6678.75,0.0278535454334889
2018-09-29,6643.1,-0.0053521222803318
2018-09-30,6604.71,-0.0057956911308458
2018-10-01,6619.85,0.0022896802032672
2018-10-02,6593.24,-0.0040278293685123
2018-10-03,6553.86,-0.0059906926658648
2018-10-04,6497.91,-0.0085736023120794
2018-10-05,6574.15,0.0116647054047458
2018-10-06,6622.45,0.0073200999764875
2018-10-07,6590.68,-0.004808862279237
2018-10-08,6600.19,0.0014419066593305
2018-10-09,6653.08,0.0079814688411836
2018-10-10,6640.29,-0.0019242681045632
2018-10-11,6586.74,-0.0080971000405529
2018-10-12,6239.25,-0.0541985543429017
2018-10-13,6278.08,0.0062042184003558
2018-10-14,6288.49,0.001656777049142
2018-10-15,6292.64,0.0006597181891478
2018-10-16,6601.41,0.0479025660904017
2018-10-17,6590.52,-0.0016510097421207
2018-10-18,6542.33,-0.0073388817034114
2018-10-19,6478.07,-0.0098707446384693
2018-10-20,6460.92,-0.002650903979859
2018-10-21,6490.09,0.0045046755931323
2018-10-22,6486.05,-0.0006226813413761
2018-10-23,6472.36,-0.0021129143302509
2018-10-24,6478.89,0.0010083969583387
2018-10-25,6484.65,0.0008886462153157
2018-10-26,6468.44,-0.0025028789983174
2018-10-27,6480.84,0.0019151649806197
2018-10-28,6482.66,0.0002807883691833
2018-10-29,6492.35,0.0014936407450161
2018-10-30,6337.04,-0.0242127782502805
2018-10-31,6336.99,-7.89015017410577e-06
2018-11-01,6318.14,-0.0029790312609279
2018-11-02,6378.92,0.0095739429850905
2018-11-03,6387.24,0.0013034461698673
2018-11-04,6365.47,-0.0034141795974438
2018-11-05,6363.62,-0.0002906727838389
2018-11-06,6433.38,0.0109026632833195
2018-11-07,6468.5,0.005444181273388
2018-11-08,6522.27,0.0082782324784869
2018-11-09,6442.6,-0.0122902895056675
2018-11-10,6386.13,-0.0088037342322433
2018-11-11,6413.63,0.0042969621794544
2018-11-12,6411.76,-0.0002916090681459
2018-11-13,6373.19,-0.0060336750652005
2018-11-14,6351.24,-0.003450059731147
2018-11-15,5736.15,-0.101861815848343
2018-11-16,5645.32,-0.0159613702541303
2018-11-17,5578.58,-0.0118926196080035
2018-11-18,5559.74,-0.0033829191417193
2018-11-19,5620.78,0.0109190997315824
2018-11-20,4863.93,-0.1446236911978022
2018-11-21,4465.54,-0.0854566054477121
2018-11-22,4611.57,0.0321782153559002
2018-11-23,4360.7,-0.0559357680883145
2018-11-24,4347.69,-0.0029879253637261
2018-11-25,3880.78,-0.1136085052100792
2018-11-26,4015.07,0.0340186175079111
2018-11-27,3765.95,-0.0640546284062324
2018-11-28,3822.47,0.0148966570627546
2018-11-29,4269.00439453125,0.1104838266571608
2018-11-30,4289.08896703,0.0046937112096525
2018-12-01,4024.46424203,-0.063682553949512
2018-12-02,4200.73317961,0.0428672821874176
2018-12-03,4147.32376691,-0.0127958258505316
2018-12-04,3886.2948763,-0.0650070209976991
2018-12-05,3958.89472485,0.018508646641683
2018-12-06,3754.07446712,-0.0531231017145632
2018-12-07,3512.59040851,-0.0664880013008488
2018-12-08,3421.9104035,-0.0261547807745827
2018-12-09,3473.22762038,0.0148853189711513
2018-12-10,3612.04639531,0.0391901686396867
2018-12-11,3497.5547337,-0.0322104034292785
2018-12-12,3421.4583733,-0.0219971916904189
2018-12-13,3487.87935755,0.0192270324674304
2018-12-14,3311.75191371,-0.0518165891535122
2018-12-15,3243.99754038,-0.0206709503897162
2018-12-16,3236.2747733,-0.0023834710525161
2018-12-17,3253.12299273,0.0051925487983197
2018-12-18,3544.76156472,0.0858554423298638
2018-12-19,3706.82484989,0.0447047764511694
2018-12-20,3742.19518335,0.0094967120861664
2018-12-21,4133.703587,0.0995013707710938
2018-12-22,3898.08367671,-0.058688690000924
2018-12-23,4020.99467354,0.0310442358235949
2018-12-24,4000.33178206,-0.0051520000586258
2018-12-25,4081.03047102,0.0199722197579088
2018-12-26,3819.66669066,-0.0661863578952832
2018-12-27,3854.68857317,0.0091270535243577
2018-12-28,3653.13192864,-0.0537053562718838
2018-12-29,3932.49180904,0.0736884107491775
2018-12-30,3822.38483485,-0.0283987429197623
2018-12-31,3866.83899926,0.0115628470855728
2019-01-01,3746.71338747,-0.0315583515402018
2019-01-02,3849.21640853,0.0269905716476639
2019-01-03,3931.04863841,0.0210366220679212
2019-01-04,3832.03996811,-0.0255089292550163
2019-01-05,3851.97396457,0.0051884448292671
2019-01-06,3836.51915828,-0.0040202486647551
2019-01-07,4078.58505461,0.0611846416161707
2019-01-08,4028.47207166,-0.0123629624047438
2019-01-09,4031.55201569,0.0007642518549655
2019-01-10,4034.41144545,0.0007090113644974
2019-01-11,3674.01543102,-0.0935752418969642
2019-01-12,3686.97309735,0.0035206357581216
2019-01-13,3658.86811698,-0.0076519806745896
2019-01-14,3557.31113168,-0.0281488825362963
2019-01-15,3704.21630768,0.0404667540893104
2019-01-16,3631.5098712,-0.0198232092045351
2019-01-17,3651.87098588,0.0055911308557057
2019-01-18,3677.99058389,0.0071269309302302
2019-01-19,3652.37783507,-0.0069881489135603
2019-01-20,3725.44612463,0.0198081925132296
2019-01-21,3600.37273885,-0.0341492309898487
2019-01-22,3575.08123989,-0.0070494783392316
2019-01-23,3605.55702187,0.0084883721632387
2019-01-24,3584.5003014,-0.0058571941007308
2019-01-25,3607.3903841,0.0063655472513346
2019-01-26,3599.7153629,-0.0021298491712897
2019-01-27,3604.68726747,0.0013802408372782
2019-01-28,3584.28327917,-0.005676485376183
2019-01-29,3468.87015541,-0.0327295946260228
2019-01-30,3443.89706175,-0.007225240346413
2019-01-31,3485.40928952,0.0119817835436517
2019-02-01,3460.54712403,-0.0071587756063582
2019-02-02,3484.62588008,0.0069339820653677
2019-02-03,3516.13956776,0.0090029871085182
2019-02-04,3467.2116661,-0.0140129575771172
2019-02-05,3454.9508136,-0.0035424956747327
2019-02-06,3469.09170088,0.0040845811997076
2019-02-07,3414.92953864,-0.0157359421147909
2019-02-08,3401.37643333,-0.0039766768764231
2019-02-09,3671.58595682,0.0764435265118486
2019-02-10,3673.20153682,0.0004399256009666
2019-02-11,3695.61303928,0.0060828159894246
2019-02-12,3642.75185939,-0.0144070497863122
2019-02-13,3653.60399078,0.0029746738276212
2019-02-14,3631.17019256,-0.0061591117510442
2019-02-15,3617.36836687,-0.0038081724354626
2019-02-16,3615.27026725,-0.0005801754477143
2019-02-17,3633.35947964,0.0049910812313953
2019-02-18,3671.36998898,0.0104071896373199
2019-02-19,3911.66152075,0.0633973386939388
2019-02-20,3946.68498546,0.0089137572595792
2019-02-21,4000.25678662,0.0134825733512471
2019-02-22,3952.4063737,-0.0120339537618825
2019-02-23,3998.91627262,0.0116987906137371
2019-02-24,4145.45786231,0.0359898512740617
2019-02-25,3807.00244566,-0.085171124028788
2019-02-26,3878.6973183,0.0186572347432942
2019-02-27,3857.47978186,-0.0054852905680515
2019-02-28,3848.2620255,-0.0023924395566652
2019-03-01,3853.75713203,0.0014269264591533
2019-03-02,3855.31822217,0.000405000623191
2019-03-03,3862.26616642,0.0018005494406665
2019-03-04,3845.09155774,-0.0044566861229409
2019-03-05,3759.83244114,-0.022423021947926
2019-03-06,3897.08106256,0.0358534345307788
2019-03-07,3903.3847998,0.001616246702051
2019-03-08,3913.22593587,0.0025180072546753
2019-03-09,3894.55252613,-0.0047832928238591
2019-03-10,3966.1742332,0.0182231723063814
2019-03-11,3953.74017402,-0.0031399504480944
2019-03-12,3903.75829416,-0.0127222561265174
2019-03-13,3913.047443,0.0023767133340744
2019-03-14,3905.57699911,-0.0019109361803
2019-03-15,3926.66323109,0.0053844831888998
2019-03-16,3963.90011952,0.0094384046379527
2019-03-17,4047.71957111,0.0209252344156514
2019-03-18,4029.96845808,-0.0043951045251109
2019-03-19,4032.69200717,0.0006755956561317
2019-03-20,4070.7940175,0.0094039259167697
2019-03-21,4083.95389256,0.0032275397422498
2019-03-22,4028.51456305,-0.0136678972297925
2019-03-23,4022.71330744,-0.0014410861814599
2019-03-24,4035.16354472,0.0030902053769477
2019-03-25,4024.11267975,-0.0027423980983165
2019-03-26,3969.22885592,-0.0137326013411307
2019-03-27,3984.24481868,0.0037759553160316
2019-03-28,4087.584591,0.0256064427488666
2019-03-29,4068.29989093,-0.0047290360849565
2019-03-30,4092.13616358,0.0058419281227983
2019-03-31,4105.45617673,0.0032497407335121
2019-04-01,4105.36242087,-2.283715293138755e-05
2019-04-02,4156.91964324,0.01248030294105
2019-04-03,4879.95813337,0.1603623109862191
2019-04-04,4971.30774104,0.0185462918657304
2019-04-05,4922.80611783,-0.0098042153971302
2019-04-06,5036.79302365,0.022890857654696
2019-04-07,5062.79376134,0.0051488829564263
2019-04-08,5199.83537777,0.02670850928458
2019-04-09,5289.91798137,0.0171757743179963
2019-04-10,5204.10530845,-0.0163549447787811
2019-04-11,5325.08155529,0.0229802305213109
2019-04-12,5061.20088735,-0.050824242368634
2019-04-13,5088.84997329,0.0054480819276019
2019-04-14,5095.75863359,0.0013566866683536
2019-04-15,5167.32198286,0.0139460093534751
2019-04-16,5066.57760057,-0.0196890024116775
2019-04-17,5236.13523984,0.0329181163657992
2019-04-18,5251.48069196,0.0029263968419641
2019-04-19,5298.15452927,0.0088484844946403
2019-04-20,5304.1605399,0.001132962231976
2019-04-21,5335.87896599,0.0059621056913403
2019-04-22,5312.49464201,-0.0043921001332609
2019-04-23,5399.36570489,0.0162199589264115
2019-04-24,5571.50817669,0.0313843004824914
2019-04-25,5466.52427676,-0.0190227862074365
2019-04-26,5210.30491981,-0.048004618960725
2019-04-27,5279.47114181,0.0131875502376388
2019-04-28,5271.74639378,-0.0014642384888929
2019-04-29,5284.85852173,0.0024841575104677
2019-04-30,5247.72588172,-0.0070510318135177
2019-05-01,5350.91450555,0.0194726645432705
2019-05-02,5402.42286531,0.0095800497882123
2019-05-03,5505.55237976,0.0189095748997765
2019-05-04,5769.20253322,0.0467767552160314
2019-05-05,5831.06846097,0.010666391212796
2019-05-06,5791.69326658,-0.0067755574707355
2019-05-07,5745.59904909,-0.0079905165756208
2019-05-08,5849.48135039,0.0179188202730458
2019-05-09,5982.31627033,0.0224548298824185
2019-05-10,6175.82273778,0.0318342813834107
2019-05-11,6379.66690526,0.0324737762606091
2019-05-12,7203.50752166,0.1214521763994103
2019-05-13,6971.17820581,-0.0327838131283915
2019-05-14,7807.88444936,0.1133497999372643
2019-05-15,7989.37450547,0.0229784220465507
2019-05-16,8194.50090343,0.0253508357283873
2019-05-17,7886.92599261,-0.0382568568634429
2019-05-18,7341.66441915,-0.0716408738842151
2019-05-19,7267.96301884,-0.0100895147182793
2019-05-20,8196.92393539,0.1202828917567853
2019-05-21,7977.96936984,-0.0270750399132317
2019-05-22,7956.29214912,-0.0027208332268315
2019-05-23,7677.26883391,-0.0356992175939101
2019-05-24,7881.6953208,0.0262791596365694
2019-05-25,7991.88503911,0.0138836337835304
2019-05-26,8055.20591925,0.0078919237078309
2019-05-27,8674.07240318,0.0740198120735602
2019-05-28,8802.75819975,0.0147267116360101
2019-05-29,8718.59132866,-0.0096074241717829
2019-05-30,8661.76050606,-0.0065396863864393
2019-05-31,8320.28637611,-0.0402213191599436
2019-06-01,8573.83972489,0.0300190003998945
2019-06-02,8565.47326214,-0.0009762892387659
2019-06-03,8741.74721596,0.0203706943735362
2019-06-04,8210.98582388,-0.0626370877349025
2019-06-05,7704.34318039,-0.0636887730011821
2019-06-06,7819.63337781,0.0148534515803362
2019-06-07,7826.90126518,0.0009290092737543
2019-06-08,8036.774936,0.0264611952556332
2019-06-09,7949.67470562,-0.0108968650575693
2019-06-10,7692.28467885,-0.0329131735244399
2019-06-11,8004.24354228,0.0397540070572119
2019-06-12,7925.43410401,-0.0098947490353964
2019-06-13,8145.54523047,0.0273940855311671
2019-06-14,8230.89877378,0.0104240354214191
2019-06-15,8689.74641372,0.0542485417144309
2019-06-16,8841.44078361,0.0173060904788631
2019-06-17,8988.92370914,0.0165432724795824
2019-06-18,9335.46690152,0.0378276715544441
2019-06-19,9078.72760253,-0.0278867410604455
2019-06-20,9273.06078283,0.0211794557010396
2019-06-21,9525.07460809,0.0268142472375334
2019-06-22,10175.9239561,0.0660967798498823
2019-06-23,10696.6909289,0.0499099009538195
2019-06-24,10853.7438384,0.0145756400432315
2019-06-25,11007.2020736,0.014039717817873
2019-06-26,11778.5811328,0.0677329313211352
2019-06-27,13017.1248668,0.0999830641942427
2019-06-28,11162.1678255,-0.1537356003466854
2019-06-29,12400.7636934,0.1052278712060079
2019-06-30,11931.990728,-0.0385349693098007
2019-07-01,10796.9306183,-0.0999611978542667
2019-07-02,10588.6836947,-0.0194760368466777
2019-07-03,10818.1558221,0.0214399624299197
2019-07-04,11972.7185797,0.1014047925703938
2019-07-05,11203.1024876,-0.0664398621186102
2019-07-06,10982.5439142,-0.0198836523417451
2019-07-07,11217.6159338,0.0211782984770199
2019-07-08,11446.5971553,0.0202071002550248
2019-07-09,12284.3264649,0.0706316845049919
2019-07-10,12571.5371616,0.0231111245819466
2019-07-11,12139.7138379,-0.034953089723503
2019-07-12,11354.299624,-0.0668857198261694
2019-07-13,11813.1273165,0.0396149038780482
2019-07-14,11381.0208987,-0.0372642629906785
2019-07-15,10257.8385363,-0.1039049860056415
2019-07-16,10896.6533265,0.0604135592521828
2019-07-17,9471.21400074,-0.1401986144666569
2019-07-18,9698.50274016,0.0237144235528674
2019-07-19,10653.956443,0.0939598032522326
2019-07-20,10525.819,-0.0121001288949376
2019-07-21,10777.5296892,0.02363219110652
2019-07-22,10596.9480747,-0.0168973401937027
2019-07-23,10346.7477047,-0.0238938032803091
2019-07-24,9887.73084418,-0.0453775590065852
2019-07-25,9809.09690775,-0.007984468887491
2019-07-26,9913.12718948,0.0105496465361341
2019-07-27,9871.16499086,-0.0042419775406781
2019-07-28,9491.62688749,-0.0392078503034447
2019-07-29,9548.17889422,0.0059404149056323
2019-07-30,9522.32895542,-0.0027109875453472
2019-07-31,9604.05115871,0.0085455480990006
2019-08-01,10077.442592,0.0481145141843963
2019-08-02,10402.0434274,0.0317027509088347
2019-08-03,10519.278349,0.0112073367019736
2019-08-04,10821.6329392,0.028337573673653
2019-08-05,10960.7357349,0.0127722277370629
2019-08-06,11811.5450274,0.0747580369469922
2019-08-07,11476.1934394,-0.0288026913383419
2019-08-08,11954.0403364,0.0407945707256818
2019-08-09,11953.4695395,-4.775042679661112e-05
2019-08-10,11861.5566954,-0.0077189333788716
2019-08-11,11349.7398943,-0.0441078140291359
2019-08-12,11528.1893667,0.0156004583734343
2019-08-13,11385.0524972,-0.0124939746466559
2019-08-14,10889.4877427,-0.0445034139891777
2019-08-15,10038.4217089,-0.0813779950031019
2019-08-16,10319.4203458,0.0276076888357437
2019-08-17,10358.7225407,0.0038013319128822
2019-08-18,10233.0062966,-0.0122105149187756
2019-08-19,10350.283631,0.0113955158698448
2019-08-20,10916.3467171,0.0532474413291517
2019-08-21,10764.5727493,-0.014000923469041
2019-08-22,10142.52143,-0.0595238121698269
2019-08-23,10136.3095336,-0.0006126483923516
2019-08-24,10407.6442328,0.0264165779401022
2019-08-25,10160.7370213,-0.0240095775494175
2019-08-26,10126.2995187,-0.003395028703176
2019-08-27,10372.8263035,0.0240535789675124
2019-08-28,10203.4268025,-0.0164659063528347
2019-08-29,9756.78570735,-0.0447606119777947
2019-08-30,9514.84485249,-0.0251098178756006
2019-08-31,9597.5394476,0.0086535630357609
2019-09-01,9630.59319616,0.0034380646036833
2019-09-02,9757.47323681,0.0130886545527619
2019-09-03,10345.7251399,0.058539927193479
2019-09-04,10621.1803306,0.0262767474493497
2019-09-05,10588.1840215,-0.0031114874706261
2019-09-06,10578.1978276,-0.0009435901432883
2019-09-07,10353.9315807,-0.0214287638137822
2019-09-08,10518.1141171,0.0157326143527445
2019-09-09,10443.2285007,-0.0071451467933663
2019-09-10,10336.4084054,-0.0102813188447097
2019-09-11,10123.0347321,-0.0208589655466546
2019-09-12,10176.8193616,0.005299028762117
2019-09-13,10415.3625333,0.0231693604918863
2019-09-14,10345.4037591,-0.0067395430416041
2019-09-15,10356.4657676,0.0010686966738511
2019-09-16,10347.2222579,-0.0008929336940166
2019-09-17,10281.5133161,-0.0063706438814747
2019-09-18,10247.7960832,-0.0032847927381496
2019-09-19,10200.4958846,-0.0046263309461789
2019-09-20,10266.3185338,0.0064321564452853
2019-09-21,10183.6480972,-0.0080851855105663
2019-09-22,10024.1152629,-0.0157895899596791
2019-09-23,10067.9626513,0.0043646514009765
2019-09-24,9729.32139737,-0.0342142171890262
2019-09-25,8603.42867242,-0.1229833437866343
2019-09-26,8487.66958635,-0.0135463332422034
2019-09-27,8113.10095,-0.0451343170756644
2019-09-28,8251.27362342,0.016887410699562
2019-09-29,8246.03737695,-0.0006348000162841
2019-09-30,8104.22636732,-0.0173470676665044
2019-10-01,8299.72110496,0.0238362130809353
2019-10-02,8344.21264933,0.0053462902461944
2019-10-03,8390.77428822,0.005564600583348
2019-10-04,8259.49447523,-0.0157694191415025
2019-10-05,8210.14909246,-0.0059923009533982
2019-10-06,8149.87688203,-0.0073682625213127
2019-10-07,7989.12044675,-0.0199221486789866
2019-10-08,8246.84962925,0.0317505923367953
2019-10-09,8229.84046087,-0.0020646348664765
2019-10-10,8585.2798473,0.0422824616269199
2019-10-11,8585.26280768,-1.9847503196501748e-06
2019-10-12,8315.66465289,-0.0319060626548441
2019-10-13,8336.90223051,0.002550668528503
2019-10-14,8320.83224411,-0.0019294330102113
2019-10-15,8373.45825537,0.0063046926829812
2019-10-16,8204.67452005,-0.0203629165871284
2019-10-17,8047.81274259,-0.0193037097506483
2019-10-18,8100.93361588,0.0065789707402181
2019-10-19,7973.8037681,-0.0158176765663657
2019-10-20,7997.8070221,0.0030057421742508
2019-10-21,8225.11518823,0.0280249193374277
2019-10-22,8243.40209165,0.0022208327107158
2019-10-23,8076.22846601,-0.0204881443606694
2019-10-24,7509.72818274,-0.0727257184730287
2019-10-25,7490.70317641,-0.0025365959252194
2019-10-26,8667.57715496,0.1459266250236854
2019-10-27,9241.70707513,0.0641373168035244
2019-10-28,9565.10188348,0.0343946375518946
2019-10-29,9248.4405622,-0.033666305090767
2019-10-30,9422.4633254,0.0186416044733803
2019-10-31,9202.45758879,-0.0236259763162696
2019-11-01,9193.99198943,-0.0009203514973439
2019-11-02,9259.78300285,0.00713038846472
2019-11-03,9324.78683223,0.0069954908880944
2019-11-04,9235.60706498,-0.0096097587191952
2019-11-05,9413.00494286,0.0190258909399823
2019-11-06,9340.86427973,-0.0076934544122782
2019-11-07,9352.39346741,0.0012335130984464
2019-11-08,9265.36833744,-0.0093486816190573
2019-11-09,8809.46919831,-0.0504564265170799
2019-11-10,8812.48953287,0.0003427921533187
2019-11-11,9056.91770059,0.0273588721443047
2019-11-12,8759.75190096,-0.0333612697835423
2019-11-13,8812.03362864,0.0059506624262137
2019-11-14,8811.93633174,-1.1041428262359432e-05
2019-11-15,8705.70810061,-0.0121282896998486
2019-11-16,8491.16631667,-0.0249525478050536
2019-11-17,8549.47090893,0.0068430328053477
2019-11-18,8573.98009164,0.0028626471902644
2019-11-19,8305.13429095,-0.0318581334015135
2019-11-20,8203.61317991,-0.0122992239092489
2019-11-21,8023.64468729,-0.0221819204827333
2019-11-22,7643.56942455,-0.0485280721944683
2019-11-23,7296.16442479,-0.0465159074291285
2019-11-24,7398.63390574,0.0139465870250798
2019-11-25,7039.97703454,-0.049690467810235
2019-11-26,7145.1590862,0.0148301684969194
2019-11-27,7220.88064968,0.0105418425841001
2019-11-28,7536.82010358,0.0428234370316626
2019-11-29,7466.72728957,-0.0093435668393428
2019-11-30,7764.05726187,0.0390482512860561
2019-12-01,7571.61619421,-0.0250984960276809
2019-12-02,7424.03619682,-0.01968367343588
2019-12-03,7323.97540332,-0.0135696026816471
2019-12-04,7320.12506594,-0.0005258551014186
2019-12-05,7253.24189285,-0.0091788867823101
2019-12-06,7450.56165667,0.0268408931509362
2019-12-07,7547.26544276,0.012895884934462
2019-12-08,7551.33900507,0.0005395945596049
2019-12-09,7561.79517117,0.0013837193061903
2019-12-10,7397.13422776,-0.0220159598229159
2019-12-11,7277.19769871,-0.0163468020765922
2019-12-12,7216.73886245,-0.0083426868425782
2019-12-13,7244.66223669,0.0038617847262827
2019-12-14,7268.90271202,0.003340391965132
2019-12-15,7124.23952463,-0.0201023593833671
2019-12-16,7153.66322803,0.0041215780163792
2019-12-17,6931.31521843,-0.0315749836854948
2019-12-18,6647.69846901,-0.0417788815265307
2019-12-19,7277.59099229,0.0905291999167126
2019-12-20,7208.63695894,-0.0095200150599108
2019-12-21,7220.59355274,0.0016572743122988
2019-12-22,7191.18870288,-0.0040806737351868
2019-12-23,7508.90255573,0.0432328387253022
2019-12-24,7354.39283808,-0.0207915242975875
2019-12-25,7325.75589098,-0.0039014568521018
2019-12-26,7274.79942782,-0.0069801002685299
2019-12-27,7238.14118032,-0.0050518122346261
2019-12-28,7289.0311303,0.0070062028673927
2019-12-29,7317.64758783,0.0039182752895854
2019-12-30,7420.27278806,0.0139269118522609
2019-12-31,7294.4388956,-0.0171035576752984
2020-01-01,7194.89197053,-0.0137409370108958
2020-01-02,7202.55112207,0.0010639600675279
2020-01-03,6984.4286123,-0.0307520985158937
2020-01-04,7345.37527527,0.0503877136789618
2020-01-05,7410.45169373,0.0088204938312586
2020-01-06,7410.45216807,6.4009592293246e-08
2020-01-07,7768.68189098,0.0472090504101583
2020-01-08,8161.93547734,0.0493808225127914
2020-01-09,8082.29607413,-0.0098053319458148
2020-01-10,7878.30753815,-0.0255628983765934
2020-01-11,8162.1911379,0.0353995533531641
2020-01-12,8033.26184596,-0.0159220017862082
2020-01-13,8189.77206362,0.0192954134721059
2020-01-14,8140.93309605,-0.0059812620086621
2020-01-15,8825.34368451,0.0807227420722469
2020-01-16,8812.48149122,-0.0014584786323528
2020-01-17,8725.20996387,-0.0099525354232135
2020-01-18,8927.21225983,0.0228876367744366
2020-01-19,8941.44574506,0.0015931233600792
2020-01-20,8704.63181434,-0.0268420161175608
2020-01-21,8658.99118302,-0.0052570522222854
2020-01-22,8744.21075075,0.0097936286905451
2020-01-23,8680.65055954,-0.0072953777916264
2020-01-24,8405.56773288,-0.0322021634990363
2020-01-25,8440.11958702,0.0041021659652571
2020-01-26,8364.41006958,-0.0090106692942981
2020-01-27,8597.30877926,0.0274634133502527
2020-01-28,8912.52433979,0.0360082950672762
2020-01-29,9357.47037892,0.0487174785917385
2020-01-30,9316.01697842,-0.0044398207791473
2020-01-31,9508.31314184,0.0204313089986865
2020-02-01,9346.35762761,-0.0171797746616242
2020-02-02,9389.82059095,0.0046394777839715
2020-02-03,9344.68367852,-0.0048185955834618
2020-02-04,9292.84190002,-0.0055631754317815
2020-02-05,9183.41577743,-0.0118451911581978
2020-02-06,9617.8210448,0.0462185119333806
2020-02-07,9726.00315742,0.0111853002161161
2020-02-08,9793.07042002,0.0068719989468561
2020-02-09,9863.89488145,0.0072060734524992
2020-02-10,10115.559686,0.0251936923497773
2020-02-11,9855.89170857,-0.0260053819979244
2020-02-12,10202.3876541,0.0345523572623918
2020-02-13,10323.9604932,0.0118456785217695
2020-02-14,10211.5503892,-0.0109479844368856
2020-02-15,10313.8568369,0.0099688443519045
2020-02-16,9889.17970534,-0.0420471147003151
2020-02-17,9936.56026014,0.0047797101228681
2020-02-18,9691.23094489,-0.0249994601604193
2020-02-19,10143.7983568,0.04564106909047
2020-02-20,9629.32531033,-0.0520493572985643
2020-02-21,9611.78201954,-0.0018235224564282
2020-02-22,9687.70676008,0.0078680977611114
2020-02-23,9663.31864201,-0.0025206034797253
2020-02-24,9921.58346055,0.026375397649712
2020-02-25,9651.31279866,-0.0276185841876621
2020-02-26,9338.29028024,-0.032970765433113
2020-02-27,8825.09351775,-0.056523982301524
2020-02-28,8788.72854689,-0.0041291461211123
2020-02-29,8671.21254207,-0.0134614176305838
2020-03-01,8599.7583441,-0.0082745325822912
2020-03-02,8563.26425933,-0.0042526471721053
2020-03-03,8865.38796487,0.0346732460619865
2020-03-04,8788.54218625,-0.0087058534070045
2020-03-05,8760.28504049,-0.0032204055366396
2020-03-06,9078.30852906,0.0356594466264716
2020-03-07,9121.60053553,0.0047573960911577
2020-03-08,8908.20601509,-0.0236724099029483
2020-03-09,8111.14639164,-0.0937336626453664
2020-03-10,7922.1470416,-0.0235769532580683
2020-03-11,7910.08980669,-0.0015231249199363
2020-03-12,7913.61638784,0.0004457339089896
2020-03-13,5017.83083939,-0.4555871325751859
2020-03-14,5573.07764952,0.1049497050410419
2020-03-15,5201.06668673,-0.0690837050396613
2020-03-16,5385.22952159,0.0347961954795916
2020-03-17,5002.5781383,-0.0737065248898929
2020-03-18,5227.1136885,0.0439058425295577
2020-03-19,5245.4166032,0.0034954175973744
2020-03-20,6191.65372133,0.1658475438350599
2020-03-21,6206.52165025,0.0023984071206495
2020-03-22,6185.55790292,-0.0033834139360671
2020-03-23,5831.37473534,-0.0589644281249466
2020-03-24,6436.64245088,0.0987542693771601
2020-03-25,6738.71663989,0.0458624516795271
2020-03-26,6675.17065538,-0.0094747269735897
2020-03-27,6719.38897407,0.0066024536147537
2020-03-28,6467.25404592,-0.038245618803808
2020-03-29,6245.62462695,-0.0348704462154039
2020-03-30,5925.53848884,-0.0526095918202234
2020-03-31,6430.60652809,0.0817972945693092
2020-04-01,6437.31921486,0.0010433208137818
2020-04-02,6606.77626829,0.0259836471785988
2020-04-03,6797.39659183,0.0284438550864845
2020-04-04,6738.38301967,-0.0087196966512141
2020-04-05,6862.53782636,0.0182573307775033
2020-04-06,6788.04980287,-0.0109136346143401
2020-04-07,7273.64421075,0.069093748662345
2020-04-08,7179.28341821,-0.0130578573045312
2020-04-09,7337.9661825,0.02186214177609
2020-04-10,7303.81519824,-0.0046648758511107
2020-04-11,6867.4404519,-0.0616053735781925
2020-04-12,6858.06802459,-0.0013656949442388
2020-04-13,6965.61663772,0.015560364080235
2020-04-14,6843.28177662,-0.0177187286099655
2020-04-15,6845.56171696,0.0003331092742993
2020-04-16,6640.45388894,-0.0304201998287378
2020-04-17,7116.55260865,0.0692431060703064
2020-04-18,7092.29152293,-0.0034149307392716
2020-04-19,7260.92257873,0.023498404471935
2020-04-20,7186.8737411,-0.0102506270689275
2020-04-21,6879.78434985,-0.0436689636987832
2020-04-22,6879.44029975,-5.0010099963415655e-05
2020-04-23,7121.30605911,0.0345538470144575
2020-04-24,7434.18155636,0.0429973501389557
2020-04-25,7550.48301195,0.0155230422984224
2020-04-26,7570.13893823,0.002599884768843
2020-04-27,7679.41895085,0.0143324657798338
2020-04-28,7796.97044056,0.0151913663343492
2020-04-29,7806.71256355,0.001248695484687
2020-04-30,8797.67005044,0.1195029707566952
2020-05-01,8672.7819143,-0.0142973134047288
2020-05-02,8869.05761887,0.0223789410053534
2020-05-03,8983.61414879,0.0128337207715283
2020-05-04,8895.74487399,-0.0098292094400456
2020-05-05,8912.8321603,0.001918995719965
2020-05-06,9007.44125582,0.0105589878386709
2020-05-07,9261.89505826,0.0278576357177549
2020-05-08,9936.16248196,0.0702722002714484
2020-05-09,9840.90638396,-0.0096330588985331
2020-05-10,9591.16923131,-0.0257050156195433
2020-05-11,8755.5356389,-0.0911566586135048
2020-05-12,8610.38621232,-0.0167169710956045
2020-05-13,8805.38781338,0.0223946119706219
2020-05-14,9271.32863776,0.0515629102715671
2020-05-15,9734.29077525,0.048728087161896
2020-05-16,9333.23987276,-0.0420725752644823
2020-05-17,9374.92998661,0.0044568959095538
2020-05-18,9675.69498013,0.0315779651739305
2020-05-19,9727.06360375,0.0052949938449433
2020-05-20,9725.32936525,-0.0001783059294915
2020-05-21,9522.74008319,-0.0210511255686096
2020-05-22,9080.33473763,-0.0475715739429833
2020-05-23,9185.06272737,0.0114674906594895
2020-05-24,9212.28340427,0.0029591981983898
2020-05-25,8786.10769511,-0.0473659431094795
2020-05-26,8909.58607327,0.0139559809206204
2020-05-27,8837.3812128,-0.0081371941154344
2020-05-28,9184.94499772,0.0385751405119467
2020-05-29,9528.35562913,0.0367064256152858
2020-05-30,9438.91400926,-0.0094312238445706
2020-05-31,9700.10569689,0.0272958498888762
2020-06-01,9463.6056622,-0.0246833233672134
2020-06-02,10162.9731448,0.0712975730346876
2020-06-03,9533.76049336,-0.0639117965543452
2020-06-04,9655.85445253,0.0127251752645314
2020-06-05,9800.21547674,0.0148399624430268
2020-06-06,9664.90477464,-0.0139031128435327
2020-06-07,9653.00332503,-0.001232167691695
2020-06-08,9760.0632524,0.0110297888606609
2020-06-09,9774.35993635,0.0014637428875658
2020-06-10,9794.11951106,0.0020195316124489
2020-06-11,9870.07852908,0.0077256540714607
2020-06-12,9320.69085457,-0.0572710577770383
2020-06-13,9480.73574979,0.0170251720155878
2020-06-14,9477.55403706,-0.0003356539852106
2020-06-15,9386.03529073,-0.0097032927094673
2020-06-16,9454.26643056,0.0072431364571663
2020-06-17,9533.78375101,0.0083755608958497
2020-06-18,9481.56706237,-0.005492070107218
2020-06-19,9410.29434848,-0.0075453710446939
2020-06-20,9290.96027975,-0.0127623189809504
2020-06-21,9330.9264778,0.0042923963542449
2020-06-22,9300.91545819,-0.0032214791932485
2020-06-23,9644.07594221,0.0362310031638983
2020-06-24,9632.14957943,-0.0012374169713265
2020-06-25,9314.12688901,-0.0335741499332513
2020-06-26,9260.99499378,-0.0057207743206539
2020-06-27,9167.82427849,-0.0101115006605247
2020-06-28,9048.46083712,-0.0131053229559956
2020-06-29,9140.02907078,0.0100688960701713
2020-06-30,9185.58126105,0.0049714343221616
2020-07-01,9145.98505502,-0.0043200092046209
2020-07-02,9231.13965322,0.0092675224251479
2020-07-03,9124.84264611,-0.011581858556239
2020-07-04,9084.23373428,-0.0044603008198116
2020-07-05,9126.090803,0.0045970781408648
2020-07-06,9072.85007426,-0.0058509867124811
2020-07-07,9349.16137441,0.03000020103498
2020-07-08,9253.02015436,-0.0103366452936786
2020-07-09,9427.99387728,0.018733334247095
2020-07-10,9273.35699507,-0.0165378862418457
2020-07-11,9277.51196283,0.0004479539841408
2020-07-12,9241.0550437,-0.0039373420433026
2020-07-13,9277.2046601,0.0039042180957622
2020-07-14,9238.7032275,-0.0041587469892885
2020-07-15,9241.89699957,0.000345635105198
2020-07-16,9191.9802336,-0.0054157774130878
2020-07-17,9131.8121414,-0.0065672331595312
2020-07-18,9151.18404834,0.0021191181126276
2020-07-19,9158.00603543,0.0007451981627237
2020-07-20,9187.22037014,0.0031849549043272
2020-07-21,9162.51448207,-0.0026927803804959
2020-07-22,9375.08046428,0.0229345068840256
2020-07-23,9527.14199636,0.0160896225621449
2020-07-24,9585.51480236,0.0061083069834086
2020-07-25,9539.48551544,-0.0048135294149265
2020-07-26,9680.23483128,0.0146466056171803
2020-07-27,9905.21791377,0.0229755198651435
2020-07-28,11017.4638476,0.1064199560780245
2020-07-29,10912.9529611,-0.0095312076001103
2020-07-30,11099.8328914,0.0169796246090943
2020-07-31,11110.2109424,0.0009345368098294
2020-08-01,11322.5705008,0.0189335328536142
2020-08-02,11758.7646653,0.0378007684455532
2020-08-03,11043.7688847,-0.0627325244109098
2020-08-04,11246.2032469,0.0181642154494792
2020-08-05,11203.8230991,-0.0037755143347428
2020-08-06,11749.8713321,0.0475872218816793
2020-08-07,11778.8942824,0.0024670197744693
2020-08-08,11604.5533476,-0.0149117587870026
2020-08-09,11737.3252342,0.0113764038404013
2020-08-10,11662.2569338,-0.0064162306314088
2020-08-11,11881.64754,0.0186372618701504
2020-08-12,11404.5968775,-0.0409784771457069
2020-08-13,11588.4055125,0.01598856447829
2020-08-14,11772.6593859,0.0157747684061178
2020-08-15,11768.6971443,-0.0003366196533605
2020-08-16,11866.6855801,0.0082917207946699
2020-08-17,11895.6577737,0.0024384975442028
2020-08-18,12251.8959698,0.0295072574980626
2020-08-19,11990.8847804,-0.0215339385483552
2020-08-20,11761.499735,-0.0193152966853578
2020-08-21,11878.026439,0.0098587126451583
2020-08-22,11585.4775342,-0.0249377983929921
2020-08-23,11679.6959587,0.008099569050076
2020-08-24,11663.6895523,-0.0013713871024467
2020-08-25,11773.58935,0.0093782732756046
2020-08-26,11366.8949329,-0.0351536548081767
2020-08-27,11485.6083964,0.0103896303751724
2020-08-28,11325.2956031,-0.0140560350207703
2020-08-29,11541.0543254,0.01887184674551
2020-08-30,11508.7139745,-0.002806134248372
2020-08-31,11713.3062719,0.0176209984334114
2020-09-01,11679.3166637,-0.0029060129095821
2020-09-02,11964.8228043,0.0241514408795566
2020-09-03,11407.1910772,-0.0477269589702213
2020-09-04,10230.3651615,-0.1088836782899687
2020-09-05,10512.5301954,0.027207623140109
2020-09-06,10167.2167634,-0.0333993962709904
2020-09-07,10280.9976217,0.0111287988740294
2020-09-08,10369.3069685,0.0085528893529662
2020-09-09,10134.1515061,-0.0229391323656216
2020-09-10,10242.3301347,0.0106180887238185
2020-09-11,10369.0283892,0.0122941775221061
2020-09-12,10409.8617874,0.0039302821677313
2020-09-13,10452.3990309,0.0040779187661339
2020-09-14,10328.7341116,-0.0119017936353706
2020-09-15,10677.7548513,0.0332328607543335
2020-09-16,10797.7620187,0.0111763006492857
2020-09-17,10973.2522347,0.0161218044277084
2020-09-18,10951.8200208,-0.0019550421979683
2020-09-19,10933.7526485,-0.0016510764125197
2020-09-20,11095.8697916,0.0147183702449442
2020-09-21,10934.9255349,-0.0146111039171596
2020-09-22,10459.6245084,-0.0444392841773808
2020-09-23,10535.49244237,0.0072272294915798
2020-09-24,10248.78655955,-0.0275904754832243
2020-09-25,10761.10978907,0.04877937552091
2020-09-26,10695.57508179,-0.0061085774860742
2020-09-27,10746.89275768,0.0047865548175582
2020-09-28,10776.6136391,0.002761715471669
2020-09-29,10709.65002191,-0.0062331762334242
2020-09-30,10843.87075063,0.0124548063569989
2020-10-01,10795.25474253,-0.0044933507051929
2020-10-02,10619.8212156,-0.0163844809019018
2020-10-03,10575.10063586,-0.0042199397023807
2020-10-04,10550.44067126,-0.0023346124430219
2020-10-05,10676.52895637,0.011880147784149
2020-10-06,10796.30685484,0.0111563411424899
2020-10-07,10603.35546589,-0.0180336133526406
2020-10-08,10669.37115892,0.0062066237315558
2020-10-09,10927.91292433,0.0239432065287132
2020-10-10,11059.14269142,0.0119371440799547
2020-10-11,11296.08178425,0.021198442080152
2020-10-12,11392.63621516,0.0085112798170339
2020-10-13,11548.71975926,0.0136073868212829
2020-10-14,11429.04780192,-0.0104164200522411
2020-10-15,11426.60259823,-0.0002139692948155
2020-10-16,11502.82812628,0.006648731036142
2020-10-17,11322.1226857,-0.0158343575585693
2020-10-18,11355.98226642,0.0029861054044406
2020-10-19,11495.03793859,0.0121707816474323
2020-10-20,11745.97493298,0.0215951643556469
2020-10-21,11913.07748936,0.0141261223929749
2020-10-22,12801.63536307,0.0719361801033287
2020-10-23,12971.54847683,0.0131854548132395
2020-10-24,12931.57391476,-0.0030864691290712
2020-10-25,13108.06314181,0.0135556366801363
2020-10-26,13031.20124688,-0.0058809701232984
2020-10-27,13075.24249433,0.003373978445019
2020-10-28,13654.21446094,0.0433276695037054
2020-10-29,13271.29897868,-0.028444493770058
2020-10-30,13437.87353717,0.0124733716923746
2020-10-31,13546.5326493,0.008053517922411
2020-11-01,13780.99480514,0.0171598333958975
2020-11-02,13737.03221087,-0.0031951877688349
2020-11-03,13550.450882,-0.0136754449695217
2020-11-04,13950.4879059,0.0290946607926354
2020-11-05,14133.73388336,0.0130499309828966
2020-11-06,15579.72923853,0.0974062475346269
2020-11-07,15565.88058298,-0.0008892846562993
2020-11-08,14833.75408424,-0.0481761115188472
2020-11-09,15479.59572319,0.0426174864160913
2020-11-10,15332.350373,-0.0095577520901493
2020-11-11,15290.90879034,-0.0027065445736464
2020-11-12,15701.29906726,0.0264849969850597
2020-11-13,16276.4404772,0.0359752406928794
2020-11-14,16317.80834223,0.0025383550006701
2020-11-15,16068.13999417,-0.0154186186962412
2020-11-16,15955.57698439,-0.0070300067563238
2020-11-17,16685.69093058,0.0447430993196409
2020-11-18,17645.19047404,0.0559117302278515
2020-11-19,17803.86174661,0.0089521339667921
2020-11-20,17817.08366299,0.0007423675500568
2020-11-21,18621.31587778,0.0441491861055816
2020-11-22,18642.232992,0.0011226583109422
2020-11-23,18370.01733874,-0.0147097547023484
2020-11-24,18365.01468531,-0.0002723641812885
2020-11-25,19104.40961035,0.0394716991510897
2020-11-26,18729.84058731,-0.0198011727269715
2020-11-27,17153.91312468,-0.0878916872108614
2020-11-28,17112.93423773,-0.0023917523576937
2020-11-29,17719.63461354,0.0348387591983598
2020-11-30,18178.32211783,0.0255564667805163
2020-12-01,19633.77044727,0.0770212738678672
2020-12-02,18801.74359314,-0.0433014557579642
2020-12-03,19205.92540409,0.021269236366967
2020-12-04,19446.96642246,0.0124722436849271
2020-12-05,18698.38527851,-0.0392539185137739
2020-12-06,19154.18059333,0.0240838281571846
2020-12-07,19343.12879819,0.0098162559971353
2020-12-08,19191.52946283,-0.0078682476668117
2020-12-09,18320.88478403,-0.0464273537257291
2020-12-10,18553.29972814,0.0126060020014797
2020-12-11,18263.92925463,-0.0157196204199472
2020-12-12,18051.31998973,-0.0117092240028249
2020-12-13,18806.76647897,0.0409979124447321
2020-12-14,19144.49245994,0.0177983500839982
2020-12-15,19246.91998427,0.005335972856443
2020-12-16,19418.81840055,0.0088915694350308
2020-12-17,21308.35140371,0.0928564640013025
2020-12-18,22806.79637266,0.0679594975101238
2020-12-19,23132.86511797,0.0141957607210052
2020-12-20,23861.7657379,0.0310230792520869
2020-12-21,23474.45540815,-0.0163645920103245
2020-12-22,22794.03960022,-0.0294137452834029
2020-12-23,23781.97438638,0.0424288342567606
2020-12-24,23240.20362271,-0.0230442213178996
2020-12-25,23733.56954677,0.0210067888337981
2020-12-26,24677.01605649,0.0389818038853082
2020-12-27,26439.37328852,0.0689820251462816
2020-12-28,26280.82141511,-0.0060148621345579
2020-12-29,27081.80972919,0.0300228253956493
2020-12-30,27360.08970906,0.0102230967825711
2020-12-31,28841.57375811,0.0527325079281624
2021-01-01,28994.00891641,0.0052713400376482
2021-01-02,29376.45583414,0.0131043119927021
2021-01-03,32129.4073556,0.0895781962063928
2021-01-04,32810.94764381,0.0209905015759677
2021-01-05,31977.04113228,-0.0257440486471942
2021-01-06,34013.614533,0.0617426912250991
2021-01-07,36833.87435728,0.0796570487070997
2021-01-08,39381.76584266,0.0668849926944883
2021-01-09,40788.64052286,0.0351007107778666
2021-01-10,40254.21779758,-0.0131888357106486
2021-01-11,38346.52950301,-0.0485507600164378
2021-01-12,35516.36114084,-0.0766705608431834
2021-01-13,33915.11958124,-0.0461325472149543
2021-01-14,37325.10763475,0.0958053068365476
2021-01-15,39156.7080858,0.0479055238085415
2021-01-16,36821.64873201,-0.0614857979802518
2021-01-17,36163.64923243,-0.0180315034963012
2021-01-18,35792.23666766,-0.0103234324384171
2021-01-19,36642.23272357,0.0234704576960016
2021-01-20,36050.11269824,-0.0162914848371737
2021-01-21,35549.39740902,-0.0139867843050858
2021-01-22,30817.62519242,-0.1428364327696805
2021-01-23,32985.75691326,0.0679890867914725
2021-01-24,32064.37631516,-0.0283302178380218
2021-01-25,32285.79891345,0.0068818296570629
2021-01-26,32358.6131737,0.0022527636556084
2021-01-27,32564.03024112,0.0063280772963416
2021-01-28,30441.0418168,-0.0674165547144838
2021-01-29,34318.6716924,0.1198978126053038
2021-01-30,34295.9350435,-0.0006627349718613
2021-01-31,34270.87759214,-0.000730891564368
2021-02-01,33114.57724298,-0.0343223582077403
2021-02-02,33533.20067102,0.0125624273317086
2021-02-03,35510.82121346,0.0573014600895724
2021-02-04,37475.10402915,0.0538393469994442
2021-02-05,36931.54564785,-0.0146107385090594
2021-02-06,38138.38833975,0.0321552614121323
2021-02-07,39250.1905137,0.0287349552196776
2021-02-08,38886.82728995,-0.0093007348709832
2021-02-09,46184.99146609,0.1719993220700146
2021-02-10,46469.76120204,0.006146919060459
2021-02-11,44898.71161149,-0.0343927046134506
2021-02-12,47877.03437451,0.064226840345432
2021-02-13,47491.20255503,-0.0080914555409048
2021-02-14,47114.50958649,-0.0079634717763958
2021-02-15,48696.53665993,0.0330268990041311
2021-02-16,47944.45800728,-0.015564695673456
2021-02-17,49207.27643233,0.0259982914552239
2021-02-18,52140.97271656,0.0579095566627767
2021-02-19,51675.98128513,-0.0089579692515915
2021-02-20,55887.33571358,0.078344707024156
2021-02-21,56068.56824551,0.0032375727197191
2021-02-22,57532.73886407,0.0257787826378717
2021-02-23,54204.92975578,-0.0595822981087241
2021-02-24,48835.08766112,-0.1043227952683203
2021-02-25,49709.08242476,0.0177385974269217
2021-02-26,47180.4640539,-0.0522077516224452
2021-02-27,46344.77223734,-0.0178714129369783
2021-02-28,46194.01635186,-0.0032582233060818
2021-03-01,45159.50305253,-0.0226495384365641
2021-03-02,49612.10703748,0.0940341623728162
2021-03-03,48415.8149783,-0.0244083813429405
2021-03-04,50522.30503036,0.0425884064377033
2021-03-05,48527.03198074,-0.0402939194338216
2021-03-06,48899.23078213,0.0076406628268799
2021-03-07,48918.6802649,0.0003976671106151
2021-03-08,51174.1169466,0.045074542795259
2021-03-09,52272.96978194,0.0212455314587085
2021-03-10,54824.01119917,0.047648851263558
2021-03-11,55963.18008858,0.0205657175116034
2021-03-12,57821.21874746,0.0326618385986616
2021-03-13,57343.37024739,-0.0082985793905425
2021-03-14,61221.13429704,0.0654352262778328
2021-03-15,59267.4290492,-0.0324325636297491
2021-03-16,55840.78651437,-0.0595553544286087
2021-03-17,56825.82889756,0.0174864129812029
2021-03-18,58893.078058,0.0357326070349515
2021-03-19,57850.44063985,-0.0178624929653583
2021-03-20,58332.26220538,0.0082942523448839
2021-03-21,58309.91303265,-0.0003832091258217
2021-03-22,57517.89148833,-0.0136760580445098
2021-03-23,54511.66203198,-0.0536813947065706
2021-03-24,54710.48908407,0.0036407865929177
2021-03-25,52726.7455686,-0.0369326147541269
2021-03-26,51683.0100897,-0.0199937303072967
2021-03-27,55137.56723702,0.0647021823250568
2021-03-28,55974.94118696,0.0150728269093658
2021-03-29,55947.8989665,-0.0004832297134189
2021-03-30,57750.13284273,0.0317047676373434
2021-03-31,58930.27778393,0.0202293629272833
2021-04-01,58926.56414734,-6.301944851827557e-05
2021-04-02,59098.87907036,0.0029199643865727
2021-04-03,59397.40846193,0.0050386392581991
2021-04-04,57604.83861776,-0.0306440288755265
2021-04-05,58760.87326121,0.0198696447319441
2021-04-06,59171.93202224,0.0069710955267723
2021-04-07,58186.50853398,-0.0167937924791186
2021-04-08,56099.91311078,-0.0365192520338784
2021-04-09,58326.56361984,0.0389233625895091
2021-04-10,58253.77680886,-0.0012486980252433
2021-04-11,59846.23078558,0.026969524071994
2021-04-12,60175.94475711,0.0054942313693295
2021-04-13,59890.01779033,-0.0047628403791719
2021-04-14,63523.75486927,0.0589040850465494
2021-04-15,63075.19622093,-0.0070863229362174
2021-04-16,63258.50517438,0.0029019822908704
2021-04-17,61529.92099734,-0.0277060109458169
2021-04-18,60701.88609331,-0.0135488068216567
2021-04-19,56191.5841095,-0.0772077732152745
2021-04-20,55681.79251074,-0.0091137881560747
2021-04-21,56471.12771923,0.0140762851325995
2021-04-22,53857.10689483,-0.0473951230641738
2021-04-23,51739.80692966,-0.0401069254552002
2021-04-24,51143.22627463,-0.0115973902223203
2021-04-25,50052.83164893,-0.0215509744166588
2021-04-26,49077.79236302,-0.0196724421105454
2021-04-27,54030.30371848,0.096138430681032
2021-04-28,55036.63741947,0.0184540292290229
2021-04-29,54858.09149222,-0.0032494021527309
2021-04-30,53568.66358369,-0.0237854337311809
2021-05-01,57714.66485835,0.0745470357334632
2021-05-02,57825.86281955,0.0019248310141382
2021-05-03,56620.27262011,-0.0210690346457447
2021-05-04,57214.17876121,0.0104346535287085
2021-05-05,53252.16476125,-0.0717632915525481
2021-05-06,57441.30708417,0.0757252235680319
2021-05-07,56413.95355125,-0.0180471488288915
2021-05-08,57352.7659529,0.0165045404609607
2021-05-09,58877.3886984,0.0262360521287607
2021-05-10,58250.87253094,-0.0106980524799649
2021-05-11,55847.24104211,-0.042138946535605
2021-05-12,56714.53316738,0.0154103699052043
2021-05-13,49735.43206467,-0.1313128968722292
2021-05-14,49682.9818555,-0.0010551408329302
2021-05-15,49855.49465011,0.003466256936889
2021-05-16,46716.63798759,-0.0650283389582853
2021-05-17,46415.89925412,-0.006458318170873
2021-05-18,43488.05798819,-0.0651556854801995
2021-05-19,42944.97544731,-0.0125667159035671
2021-05-20,36753.66970802,-0.1556815788198484
2021-05-21,40596.94832252,0.0994548226386342
2021-05-22,37371.02990629,-0.0827970964870594
2021-05-23,37531.4484526,0.0042834041035391
2021-05-24,34700.363568,-0.0784290425673219
2021-05-25,38795.7802497,0.1115613199018827
2021-05-26,38392.62365582,-0.0104461354185474
2021-05-27,39316.88967818,0.0237888405119566
2021-05-28,38507.08307537,-0.0208119890013254
2021-05-29,35684.1568817,-0.0761353948982357
2021-05-30,34607.40597914,-0.0306391006585702
2021-05-31,35658.59295707,0.0299224496805265
2021-06-01,37293.79237447,0.0448367340431801
2021-06-02,36699.92291982,-0.0160522337418349
2021-06-03,37599.40994043,0.0242137024181055
2021-06-04,39242.48626197,0.0427716358877248
2021-06-05,36880.15597053,-0.0620863652714689
2021-06-06,35538.60872998,-0.0370539524509876
2021-06-07,35835.26550975,0.0083128032839283
2021-06-08,33589.52085635,-0.0647183395988317
2021-06-09,33416.97785088,-0.0051500493284102
2021-06-10,37389.51565087,0.1123262452089974
2021-06-11,36697.03129279,-0.0186944743459704
2021-06-12,37340.14284419,0.0173731030227735
2021-06-13,35555.79014042,-0.0489659474716948
2021-06-14,39016.9701778,0.0928936681158401
2021-06-15,40427.16992116,0.0355053974750347
2021-06-16,40168.69037027,-0.0064142360702152
2021-06-17,38341.42380252,-0.0465569725118317
2021-06-18,38099.47705463,-0.006330316705732
2021-06-19,35854.52922288,-0.0607306592169116
2021-06-20,35563.13941499,-0.0081602054615057
2021-06-21,35641.14606474,0.0021910670244675
2021-06-22,31622.37708528,-0.1196357531909715
2021-06-23,32515.71430319,0.0278584839069591
2021-06-24,33682.80040376,0.035263843797388
2021-06-25,34659.10449948,0.0285731139416967
2021-06-26,31594.66357132,-0.0925722152326429
2021-06-27,32287.52321108,0.0216926453025187
2021-06-28,34679.12222205,0.0714569634999513
2021-06-29,34475.55969665,-0.0058871824058712
2021-06-30,35908.38805414,0.0407202603320708
2021-07-01,35035.98271227,-0.024595307862242
2021-07-02,33549.6001774,-0.043350664742519
2021-07-03,33854.42136155,0.0090446609920782
2021-07-04,34665.56486608,0.0236772201362889
2021-07-05,35284.34443007,0.0176925377402472
2021-07-06,33723.50965515,-0.0452441549819084
2020-11-15,16068.139648,-0.015418655669270365
2020-11-16,15955.577148,-0.007029974958355112
2020-11-17,16685.691406,0.04474311755822313
2020-11-18,17645.191406,0.055911754551832615
2020-11-19,17803.861328,0.008952057637818811
2020-11-20,17817.083984,0.0007424090793506366
2020-11-21,18621.316406,0.04414919645501847
2020-11-22,18642.232422,0.0011225993687897784
2020-11-23,18370.017578,-0.014709711102126377
2020-11-24,18365.015625,-0.0002723260383774573
2020-11-25,19104.410156,0.03947167654516193
2020-11-26,18729.839844,-0.019801240974308243
2020-11-27,17153.914063,-0.08789159282493841
2020-11-28,17112.933594,-0.002391844674324517
2020-11-29,17719.634766,0.03483880541895168
2020-11-30,18178.322266,0.02555646632741926
2020-12-01,19633.769531,0.0770212190488877
2020-12-02,18801.744141,-0.04330137995111727
2020-12-03,19205.925781,0.02126922685285315
2020-12-04,19446.966797,0.01247224331981478
2020-12-05,18698.384766,-0.03925396518265245
2020-12-06,19154.179688,0.02408380830110346
2020-12-07,19343.128906,0.009816308836091636
2020-12-08,19191.529297,-0.007868261881160521
2020-12-09,18320.884766,-0.04642734606905918
2020-12-10,18553.298828,0.012605954469163905
2020-12-11,18263.929688,-0.0157195481753174
2020-12-12,18051.320313,-0.011709229822630007
2020-12-13,18806.765625,0.04099784912875215
2020-12-14,19144.492188,0.017798381286985077
2020-12-15,19246.919922,0.005335983825728974
2020-12-16,19418.818359,0.008891570530675352
2020-12-17,21308.351563,0.0928564736164521
2020-12-18,22806.796875,0.06795951206054163
2020-12-19,23132.865234,0.014195743710923026
2020-12-20,23861.765625,0.03102306950485989
2020-12-21,23474.455078,-0.016364601343129337
2020-12-22,22794.039063,-0.02941375478762076
2020-12-23,23781.974609,0.042428867186073305
2020-12-24,23240.203125,-0.02304425209467631
2020-12-25,23733.570313,0.021006842534353254
2020-12-26,24677.015625,0.03898175411515581
2020-12-27,26439.373047,0.06898203349692267
2020-12-28,26280.822266,-0.006014820622853634
2020-12-29,27081.810547,0.030022823216567573
2020-12-30,27360.089844,0.010223071516811899
2020-12-31,28841.574219,0.052732518976217335
2021-01-01,28994.009766,0.005271353359852071
2021-01-02,29376.455078,0.01310425695078088
2021-01-03,32129.408203,0.08957824832064532
2021-01-04,32810.949219,0.020990523209436063
2021-01-05,31977.041016,-0.02574410029161278
2021-01-06,34013.613281,0.06174265805266721
2021-01-07,36833.875,0.07965710296504547
2021-01-08,39381.765625,0.0668849697184104
2021-01-09,40788.640625,0.03510071880891985
2021-01-10,40254.21875,-0.013188814554650818
2021-01-11,38346.53125,-0.04855073811859789
2021-01-12,35516.359375,-0.07667065612020885
2021-01-13,33915.121094,-0.04613245289160339
2021-01-14,37325.109375,0.09580530885636485
2021-01-15,39156.707031,0.04790545024651571
2021-01-16,36821.648438,-0.06148577902704311
2021-01-17,36163.648438,-0.018031517479233372
2021-01-18,35792.238281,-0.01032336539564227
2021-01-19,36642.234375,0.023470457689898083
2021-01-20,36050.113281,-0.016291513740931407
2021-01-21,35549.398438,-0.01398677152528549
2021-01-22,30817.625,-0.1428364679585865
2021-01-23,32985.757813,0.06798912031192472
2021-01-24,32064.376953,-0.028330225222163108
2021-01-25,32285.798828,0.006881807117908423
2021-01-26,32358.613281,0.0022527696182468304
2021-01-27,32564.029297,0.006328044987650827
2021-01-28,30441.041016,-0.06741655202834806
2021-01-29,34318.671875,0.11989784423261263
2021-01-30,34295.933594,-0.0006627825570646451
2021-01-31,34270.878906,-0.0007308109623771486
2021-02-01,33114.578125,-0.03432236990984627
2021-02-02,33533.199219,0.012562357395342616
2021-02-03,35510.820313,0.05730147803319596
2021-02-04,37475.105469,0.053839410778294905
2021-02-05,36931.546875,-0.014610743702876405
2021-02-06,38138.386719,0.032155185687887666
2021-02-07,39250.191406,0.0287350204498793
2021-02-08,38886.828125,-0.009300736130779086
2021-02-09,46184.992188,0.17199931622699793
2021-02-10,46469.761719,0.006146914554278737
2021-02-11,44898.710938,-0.03439273073831295
2021-02-12,47877.035156,0.06422687166849705
2021-02-13,47491.203125,-0.008091459862171746
2021-02-14,47114.507813,-0.007963521420107256
2021-02-15,48696.535156,0.03302690576253653
2021-02-16,47944.457031,-0.015564685152469337
2021-02-17,49207.277344,0.025998330345091247
2021-02-18,52140.972656,0.05790953697417045
2021-02-19,51675.980469,-0.00895798388334157
2021-02-20,55887.335938,0.07834472683295246
2021-02-21,56068.566406,0.003237535895918242
2021-02-22,57532.738281,0.025778805311515995
2021-02-23,54204.929688,-0.059582289224586304
2021-02-24,48835.085938,-0.10432282930234749
2021-02-25,49709.082031,0.017738624790100133
2021-02-26,47180.464844,-0.05220772695481912
2021-02-27,46344.773438,-0.017871403776187123
2021-02-28,46194.015625,-0.003258264948149403
2021-03-01,45159.503906,-0.0226495038026151
2021-03-02,49612.105469,0.0940341118589405
2021-03-03,48415.816406,-0.024408320239777126
2021-03-04,50522.304688,0.042588370172992995
2021-03-05,48527.03125,-0.04029392771582074
2021-03-06,48899.230469,0.007640671481713213
2021-03-07,48918.679688,0.0003976617211520761
2021-03-08,51174.117188,0.045074559305529505
2021-03-09,52272.96875,0.021245507000109853
2021-03-10,54824.011719,0.047648880486722334
2021-03-11,55963.179688,0.02056570087188625
2021-03-12,57821.21875,0.032661845800513234
2021-03-13,57343.371094,-0.008298564670603525
2021-03-14,61221.132813,0.06543518727331588
2021-03-15,59267.429688,-0.0324325286108369
2021-03-16,55840.785156,-0.05955538953264039
2021-03-17,56825.828125,0.017486423711744692
2021-03-18,58893.078125,0.035732621767833095
2021-03-19,57850.441406,-0.01786248085938169
2021-03-20,58332.261719,0.008294230763155497
2021-03-21,58309.914063,-0.00038318311748852807
2021-03-22,57517.890625,-0.013676090724510814
2021-03-23,54511.660156,-0.05368141411109306
2021-03-24,54710.488281,0.003640806328665036
2021-03-25,52726.746094,-0.03693259011100558
2021-03-26,51683.011719,-0.019993708747014338
2021-03-27,55137.566406,0.0647021357284352
2021-03-28,55974.941406,0.015072845894302134
2021-03-29,55947.898438,-0.00048324307288716284
2021-03-30,57750.132813,0.03170477656882831
2021-03-31,58930.277344,0.020229355976823626
2021-04-01,58926.5625,-6.303993906620065e-05
2021-04-02,59098.878906,0.0029199895612830318
2021-04-03,59397.410156,0.005038670560240988
2021-04-04,57604.839844,-0.030644036109366724
2021-04-05,58760.875,0.019869653035794244
2021-04-06,59171.933594,0.006971092498416098
2021-04-07,58186.507813,-0.016793831432556416
2021-04-08,56099.914063,-0.03651922266939067
2021-04-09,58326.5625,0.038923326416378856
2021-04-10,58253.777344,-0.0012486696394002905
2021-04-11,59846.230469,0.026969509595746288
2021-04-12,60175.945313,0.005494245896965566
2021-04-13,59890.019531,-0.004762820552473457
2021-04-14,63523.753906,0.05890404081817202
2021-04-15,63075.195313,-0.007086322166690806
2021-04-16,63258.503906,0.00290197663453462
2021-04-17,61529.921875,-0.02770597663111829
2021-04-18,60701.886719,-0.01354881077802439
2021-04-19,56191.585938,-0.07720775098240296
2021-04-20,55681.792969,-0.009113812466555515
2021-04-21,56471.128906,0.014076297918139247
2021-04-22,53857.105469,-0.047395170554008104
2021-04-23,51739.808594,-0.040106866813390596
2021-04-24,51143.226563,-0.011597416751333967
2021-04-25,50052.832031,-0.021550972421804815
2021-04-26,49077.792969,-0.019672437396543785
2021-04-27,54030.304688,0.09613843627770002
2021-04-28,55036.636719,0.01845399855768015
2021-04-29,54858.089844,-0.003249419470551018
2021-04-30,53568.664063,-0.023785394738439436
2021-05-01,57714.664063,0.0745470130051551
2021-05-02,57825.863281,0.001924852774857655
2021-05-03,56620.273438,-0.021069028180559002
2021-05-04,57214.179688,0.010434655282136163
2021-05-05,53252.164063,-0.07176332086329751
2021-05-06,57441.308594,0.07572526296491766
2021-05-07,56413.953125,-0.018047182669389983
2021-05-08,57352.765625,0.016504542299466962
2021-05-09,58877.390625,0.026236090568248827
2021-05-10,58250.871094,-0.010698109870332928
2021-05-11,55847.242188,-0.0421389013491833
2021-05-12,56714.53125,0.015410315579350353
2021-05-13,49735.433594,-0.13131283231536273
2021-05-14,49682.980469,-0.0010551994891763172
2021-05-15,49855.496094,0.003466313805331467
2021-05-16,46716.636719,-0.06502839507477987
2021-05-17,46415.898438,-0.006458308598647378
2021-05-18,43488.058594,-0.06515565396694178
2021-05-19,42944.976563,-0.012566703854535177
2021-05-20,36753.667969,-0.1556816521149198
2021-05-21,40596.949219,0.09945489203663094
2021-05-22,37371.03125,-0.0827970826135811
2021-05-23,37531.449219,0.004283388567820623
2021-05-24,34700.363281,-0.07842907125833776
2021-05-25,38795.78125,0.11156135395642153
2021-05-26,38392.625,-0.010446126190865712
2021-05-27,39316.890625,0.023788829582306548
2021-05-28,38507.082031,-0.02081204020459282
2021-05-29,35684.15625,-0.07613538547926524
2021-05-30,34607.40625,-0.030639075129387905
2021-05-31,35658.59375,0.029922464090594403
2021-06-01,37293.792969,0.0448367277482582
2021-06-02,36699.921875,-0.016052278152898225
2021-06-03,37599.410156,0.02421373662071069
2021-06-04,39242.484375,0.04277158206951448
2021-06-05,36880.15625,-0.0620863096088069
2021-06-06,35538.609375,-0.03705394187893596
2021-06-07,35835.265625,0.008312788350195888
2021-06-08,33589.519531,-0.0647183822721864
2021-06-09,33416.976563,-0.005150048410852648
2021-06-10,37389.515625,0.11232628305678283
2021-06-11,36697.03125,-0.01869447482009967
2021-06-12,37340.144531,0.017373149362976292
2021-06-13,35555.789063,-0.04896602294810215
2021-06-14,39016.96875,0.09289366182374614
2021-06-15,40427.167969,0.03550538578104856
2021-06-16,40168.691406,-0.006414161997387424
2021-06-17,38341.421875,-0.04655704856886267
2021-06-18,38099.476563,-0.006330279337062095
2021-06-19,35854.527344,-0.06073069871592374
2021-06-20,35563.140625,-0.008160119034368307
2021-06-21,35641.144531,0.002190989967346013
2021-06-22,31622.376953,-0.11963571434123743
2021-06-23,32515.714844,0.02785850472233875
2021-06-24,33682.800781,0.03526383836490332
2021-06-25,34659.105469,0.028573130714939055
2021-06-26,31594.664063,-0.09257222764354545
2021-06-27,32287.523438,0.02169263676850086
2021-06-28,34679.121094,0.07145692394363046
2021-06-29,34475.558594,-0.005887181861181645
2021-06-30,35908.386719,0.04072025513375799
2021-07-01,35035.984375,-0.024595223222620533
2021-07-02,33549.601563,-0.043350670900254684
2021-07-03,33854.421875,0.009044634858442535
2021-07-04,34665.566406,0.023677249392060062
2021-07-05,35284.34375,0.017692474044080697
2021-07-06,33723.507813,-0.04524419033302074
2021-07-07,34225.679688,0.014781074986148113
2021-07-08,33889.605469,-0.009867886343814192
2021-07-09,32861.671875,-0.030801353991744662
2021-07-10,33811.242188,0.02848636625646961
2021-07-11,33509.078125,-0.008976965373094004
2021-07-12,34254.015625,0.021987411435022253
2021-07-13,33125.46875,-0.033501367211519195
2021-07-14,32723.845703,-0.01219839661139055
2021-07-15,32827.875,0.003173963496834631
2021-07-16,31841.550781,-0.03050593681157565
2021-07-17,31397.308594,-0.014049889549816896
2021-07-18,31533.884766,0.004340498856979735
2021-07-19,31800.011719,0.008403983777384383
2021-07-20,30838.285156,-0.0307097156984959
2021-07-21,29796.285156,-0.03437321606345378
2021-07-22,32138.873047,0.07568256927170047
2021-07-23,32305.958984,0.005185406063572984
2021-07-24,33593.730469,0.03908775449256119
2021-07-25,34290.292969,0.020522853925553974
2021-07-26,35384.03125,0.03139831343365529
2021-07-27,37276.035156,0.05209000731673896
2021-07-28,39503.1875,0.05803073380393542
2021-07-29,39995.453125,0.012384410923955258
2021-07-30,40027.484375,0.0008005517595677247
2021-07-31,42196.304688,0.05276632303534612
2021-08-01,41460.84375,-0.017583192831491345
2021-08-02,39907.261719,-0.038191152435100406
2021-08-03,39178.402344,-0.01843267095651946
2021-08-04,38213.332031,-0.024941173578396203
2021-08-05,39744.515625,0.0392873991120517
2021-08-06,40865.867188,0.02782331165987273
2021-08-07,42832.796875,0.04700891972653842
2021-08-08,44574.4375,0.03985645321875708
2021-08-09,43791.925781,-0.017711086998808412
2021-08-10,46280.847656,0.05527876048489411
2021-08-11,45599.703125,-0.01482701189203084
2021-08-12,45576.878906,-0.0005006596862546786
2021-08-13,44439.691406,-0.025267525708311922
2021-08-14,47810.6875,0.07311618168356304
2021-08-15,47096.667969,-0.015046947609524963
2021-08-16,47019.960938,-0.0016300424032440475
2021-08-17,45936.457031,-0.02331313973046889
2021-08-18,44686.75,-0.027582035531635185
2021-08-19,44741.882813,0.0012330015175372466
2021-08-20,46723.121094,0.04332910191254058
2021-08-21,49327.074219,0.054233962580955364
2021-08-22,48869.105469,-0.009327696290213794
2021-08-23,49291.675781,0.008609811719171745
2021-08-24,49562.347656,0.00547620707821217
2021-08-25,47727.257813,-0.03772874831112638
2021-08-26,49002.640625,0.026371509661037962
2021-08-27,46894.554688,-0.04397262298663662
2021-08-28,49072.585938,0.04539898369585771
2021-08-29,48911.25,-0.003293116303474619
2021-08-30,48834.851563,-0.0015632020374347633
2021-08-31,47024.339844,-0.037778892649578566
2021-09-01,47099.773438,0.0016028540938055613
2021-09-02,48807.847656,0.03562292177583082
2021-09-03,49288.25,0.009794603374851718
2021-09-04,50009.324219,0.014523756494154938
2021-09-05,49937.859375,-0.0014300524258761271
2021-09-06,51769.003906,0.03601216997529022
2021-09-07,52660.480469,0.017073688039079826
2021-09-08,46827.761719,-0.11738905183610804
2021-09-09,45774.742188,-0.022743767787059
2021-09-10,46396.664063,0.013495103066238912
2021-09-11,44869.839844,-0.033461710805768874
2021-09-12,45206.628906,0.007477882649565615
2021-09-13,46057.214844,0.018640691268554832
2021-09-14,44960.050781,-0.024110089510573474
2021-09-15,47098.0,0.04645620222034985
2021-09-16,48158.90625,0.02227555271107029
2021-09-17,47771.003906,-0.008087247398648856
2021-09-18,47273.527344,-0.010468379369712011
2021-09-19,48268.855469,0.020836075151454025
2021-09-20,47261.40625,-0.02109251144660007
2021-09-21,43012.234375,-0.09420943134919035
2021-09-22,40677.953125,-0.05579834215431134
2021-09-23,43560.296875,0.06845985993389903
2021-09-24,44894.300781,0.030164741957143804
2021-09-25,42840.890625,-0.04681782038161941
2021-09-26,42721.628906,-0.0027877111821599243
2021-09-27,43234.183594,0.011926145498675211
2021-09-28,42200.898438,-0.02418995843045124
2021-09-29,41064.984375,-0.02728571411759262
2021-09-30,41551.269531,0.011772278432967909
2021-10-01,43816.742188,0.05308791095108667
2021-10-02,48137.46875,0.09404486387698618
2021-10-03,47680.027344,-0.009548253711923138
2021-10-04,48208.90625,0.011031184711484343
2021-10-05,49174.960938,0.01984078896973962
2021-10-06,51486.664063,0.04593825397519247
2021-10-07,55338.625,0.07214830374277525
2021-10-08,53802.144531,-0.028157800101746844
2021-10-09,53929.78125,0.002369525612659018
2021-10-10,54952.820313,0.01879215145292079
2021-10-11,54734.125,-0.003987632296063026
2021-10-12,57526.832031,0.049764110662412264
2021-10-13,56038.257813,-0.026216850266912672
2021-10-14,57372.832031,0.023536249005408294
2021-10-15,57345.902344,-0.00046949066586776667
2021-10-16,61609.527344,0.07171513220658632
2021-10-17,60887.652344,-0.011786122068848215
2021-10-18,61548.804688,0.010800031076568573
2021-10-19,62043.164063,0.007999905115420702
2021-10-20,64284.585938,0.0354895441008658
2021-10-21,66002.234375,0.026368714140595273
2021-10-22,62237.890625,-0.058724607310733035
2021-10-23,60694.628906,-0.025108780056832813
2021-10-24,61368.34375,0.011038919842345507
2021-10-25,60893.925781,-0.007760699223711143
2021-10-26,63032.761719,0.034521189638795136
2021-10-27,60352.0,-0.04346053149892448
2021-10-28,58470.730469,-0.03166779184518198
2021-10-29,60624.871094,0.03617892780504128
2021-10-30,62239.363281,0.026282426785902757
2021-10-31,61850.488281,-0.006267656349580264
2021-11-01,61320.449219,-0.008606613614999148
2021-11-02,60963.253906,-0.0058420921152269045
2021-11-03,63254.335938,0.03689238996052069
2021-11-04,62941.804688,-0.004953113263244546
2021-11-05,61460.078125,-0.02382273652072442
2021-11-06,61068.875,-0.0063855022716765575
2021-11-07,61554.921875,0.007927489326794657
2021-11-08,63344.066406,0.028651423793835562
2021-11-09,67549.734375,0.06428289342363236
2021-11-10,66953.335938,-0.00886823392628422
2021-11-11,64978.890625,-0.0299334406653724
2021-11-12,64863.980469,-0.001769988371815856
2021-11-13,64158.121094,-0.01094179072767254
2021-11-14,64500.128906,0.005316543907424531
